name,platform,membership,title_id,product_id,concept_id,entitlement_id,is_preorder,is_downloadable,image_url,store_url
HEAVY RAIN™,PS4,NONE,CUSA02356_00,EP9000-CUSA02356_00-HRPS400000000001,,EP9000-CUSA02356_00-HRPS400000000001,False,True,https://image.api.playstation.com/gs2-sec/appkgo/prod/CUSA02356_00/4/i_66ce91c41dc8b875a6e000819d4c33c28320f5599295d86e6bc1bdbb8690dbac/i/icon0.png,https://store.playstation.com/product/EP9000-CUSA02356_00-HRPS400000000001
Red Dead Redemption 2,PS4,PS_PLUS,CUSA08519_00,EP1004-CUSA08519_00-REDEMPTIONFULL02,,EP1004-CUSA08519_00-REDEMPTION000002,False,True,https://image.api.playstation.com/gs2-sec/appkgo/prod/CUSA08519_00/12/i_3da1cf7c41dc7652f9b639e1680d96436773658668c7dc3930c441291095713b/i/icon0.png,https://store.playstation.com/product/EP1004-CUSA08519_00-REDEMPTIONFULL02
Until Dawn,PS5,PS_PLUS,PPSA15421_00,EP9000-PPSA15421_00-FULLGAME00000001,,EP9000-PPSA15421_00-FULLGAME00000001,False,True,https://image.api.playstation.com/sgst/prod/00/PPSA15421_00/app/info/25/fi_6693db547a6b30fcfb789268f0f55dc815f309547bad8af3420f986d2755c4ed/icon0.png,https://store.playstation.com/product/EP9000-PPSA15421_00-FULLGAME00000001
Nine Sols,PS4,PS_PLUS,CUSA50688_00,JP4443-PPSA25414_00-0905368681809535,,JP4443-CUSA50688_00-0507167220706885,False,True,https://image.api.playstation.com/gs2-sec/appkgo/prod/CUSA50688_00/5/i_4e4b3e3509449d3c6114428f347544da7b2711f0f05d09ee68acf61dd139e4fb/i/icon0.png,https://store.playstation.com/product/JP4443-PPSA25414_00-0905368681809535
Nine Sols,PS5,PS_PLUS,PPSA25414_00,JP4443-PPSA25414_00-0905368681809535,,JP4443-PPSA25414_00-0905368681809535,False,True,https://image.api.playstation.com/sgst/prod/00/PPSA25414_00/app/info/17/fi_bc802da434f60fc36ff5344b1cce2a99b6ad92eefea891308613db2958ea1db8/icon0.png,https://store.playstation.com/product/JP4443-PPSA25414_00-0905368681809535
Cult of the Lamb,PS4,NONE,CUSA32184_00,EP3643-PPSA06465_00-6733855131785360,,EP3643-CUSA32184_00-CULTOFTHELAMB000,False,True,https://image.api.playstation.com/gs2-sec/appkgo/prod/CUSA32184_00/2/i_d48ab9ff4206951902684160a2abb653e26f976d14099376834fe4f93e887671/i/icon0.png,https://store.playstation.com/product/EP3643-PPSA06465_00-6733855131785360
Cult Of The Lamb,PS5,NONE,PPSA06465_00,EP3643-PPSA06465_00-6733855131785360,,EP3643-PPSA06465_00-CULTOFTHELAMB000,False,True,https://image.api.playstation.com/sgst/prod/00/PPSA06465_00/app/info/79/fi_96cbe21e744404f4365b4897ef32891d3cbd59ecbdf49965f4b79dbbceff3c68/icon0.png,https://store.playstation.com/product/EP3643-PPSA06465_00-6733855131785360
Need for Speed™ Unbound,PS5,PS_PLUS,PPSA01717_00,EP0006-PPSA01717_00-NEEDFORSPEED2022,,EP0006-PPSA01717_00-NEEDFORSPEED2022,False,True,https://image.api.playstation.com/sgst/prod/00/PPSA01717_00/app/info/103/fi_838961cdf19a96539b639bf0003dcf8e361cabcf4b0e2690a7ef92d38fa2972f/icon0.png,https://store.playstation.com/product/EP0006-PPSA01717_00-NEEDFORSPEED2022
Disney Epic Mickey: Rebrushed,PS4,PS_PLUS,CUSA42649_00,EP4389-PPSA15657_00-EPICMICKEYREMAKE,,EP4389-CUSA42649_00-EPICMICKEYREMAKE,False,True,https://image.api.playstation.com/gs2-sec/appkgo/prod/CUSA42649_00/4/i_2fb1a1cbbe6b0211d0826cb1e72c1a383381b8f2003e68e679d0d90a56e50bdd/i/icon0.png,https://store.playstation.com/product/EP4389-PPSA15657_00-EPICMICKEYREMAKE
Disney Epic Mickey: Rebrushed,PS5,PS_PLUS,PPSA15657_00,EP4389-PPSA15657_00-EPICMICKEYREMAKE,,EP4389-PPSA15657_00-EPICMICKEYREMAKE,False,True,https://image.api.playstation.com/sgst/prod/00/PPSA15657_00/app/info/19/fi_84e9d0ceb2fe6b144f4492f226e93819a978c9586eb8b99f3e1e282e1e9fcc6f/icon0.png,https://store.playstation.com/product/EP4389-PPSA15657_00-EPICMICKEYREMAKE
Core Keeper,PS5,PS_PLUS,PPSA19417_00,EP2520-PPSA19417_00-0407635045707470,,EP2520-PPSA19417_00-0407635045707470,False,True,https://image.api.playstation.com/sgst/prod/00/PPSA19417_00/app/info/55/fi_ddd78877752bc3498dcd4d3f02dcffc13abf4e9338e61b7eda6bec63e36d7a9b/icon0.png,https://store.playstation.com/product/EP2520-PPSA19417_00-0407635045707470
Ghost of Yōtei,PS5,NONE,PPSA26344_00,UP9000-PPSA26344_00-GHOST2SHIP000000,,UP9000-PPSA26344_00-GHOST2SHIP000000,False,True,https://image.api.playstation.com/sgst/prod/00/PPSA26344_00/app/info/87/fi_686a286ae1edaa57ca7e4565391958db9db738d43e344ade8ddb2a4676e4c3ac/icon0.png,https://store.playstation.com/product/UP9000-PPSA26344_00-GHOST2SHIP000000
Neon White,PS4,PS_PLUS,CUSA36342_00,EP2333-PPSA09865_00-NEONWHITESIEE000,,EP2333-CUSA36342_00-NEONWHITESIEE000,False,True,https://image.api.playstation.com/gs2-sec/appkgo/prod/CUSA36342_00/1/i_2704641732c88f409c3a0241e1d9432e33b4be26fa8faae3357fe7f98364601d/i/icon0.png,https://store.playstation.com/product/EP2333-PPSA09865_00-NEONWHITESIEE000
Neon White,PS5,PS_PLUS,PPSA09865_00,EP2333-PPSA09865_00-NEONWHITESIEE000,,EP2333-PPSA09865_00-NEONWHITESIEE000,False,True,https://image.api.playstation.com/sgst/prod/00/PPSA09865_00/app/info/14/fi_0cc43b9f4a0685201da60a0624169a2db3480afc83a57554fb5ca98e90f505fd/icon0.png,https://store.playstation.com/product/EP2333-PPSA09865_00-NEONWHITESIEE000
LEGO® Horizon Adventures™,PS5,PS_PLUS,PPSA14632_00,EP9000-PPSA14632_00-LEGOHZNADVENTURE,,EP9000-PPSA14632_00-PROJECTGLOW00000,False,True,https://image.api.playstation.com/sgst/prod/00/PPSA14632_00/app/info/34/fi_8fa8b10cea7e7088ea7eb300d9e4f39f025e717821f99d3af7e8dc9c0848419a/icon0.png,https://store.playstation.com/product/EP9000-PPSA14632_00-LEGOHZNADVENTURE
Ghost of Tsushima,PS4,PS_PLUS,CUSA32709_00,EP9000-PPSA05031_00-GHOSTDCPS5PSPLUS,,EP9000-CUSA32709_00-GHOSTSHIP0000000,False,True,https://image.api.playstation.com/gs2-sec/appkgo/prod/CUSA32709_00/1/i_54ed1f8e1ba92d5c1573d6f9e9897ef6c75a71a27b3d62bba9722d4c1c095f63/i/icon0.png,https://store.playstation.com/product/EP9000-PPSA05031_00-GHOSTDCPS5PSPLUS
Ghost of Tsushima,PS5,PS_PLUS,PPSA05031_00,EP9000-PPSA05031_00-GHOSTDCPS5PSPLUS,,EP9000-PPSA05031_00-GHOSTSHIP0000000,False,True,https://image.api.playstation.com/sgst/prod/00/PPSA05031_00/app/info/30/fi_93fea00d86de3c4c9ef7641700f5b1d83dfb7ed7fb608a3fd9f5a1d2c77b3a2d/icon0.png,https://store.playstation.com/product/EP9000-PPSA05031_00-GHOSTDCPS5PSPLUS
Psychonauts 2,PS4,PS_PLUS,CUSA27146_00,EP6311-CUSA27146_00-PSYCHONAUTS2SIEE,,EP6311-CUSA27146_00-PSYCHONAUTS2SIEE,False,True,https://image.api.playstation.com/gs2-sec/appkgo/prod/CUSA27146_00/2/i_8e99c9ebff7cccc0c8dd2365426448ee33e309971a7f0bea4146dd602f449028/i/icon0.png,https://store.playstation.com/product/EP6311-CUSA27146_00-PSYCHONAUTS2SIEE
Hollow Knight: Silksong,PS4,NONE,CUSA39420_00,EP1805-PPSA12544_00-HKSILKSONGPS5000,,EP1805-CUSA39420_00-HKSILKSONGPS4000,False,True,https://image.api.playstation.com/gs2-sec/appkgo/prod/CUSA39420_00/2/i_da33a90a81d7e3a8583102e49337cdd019268e555189b207d22d026cd76a5b59/i/icon0.png,https://store.playstation.com/product/EP1805-PPSA12544_00-HKSILKSONGPS5000
Hollow Knight: Silksong,PS5,NONE,PPSA12544_00,EP1805-PPSA12544_00-HKSILKSONGPS5000,,EP1805-PPSA12544_00-HKSILKSONGPS5000,False,True,https://image.api.playstation.com/sgst/prod/00/PPSA12544_00/app/info/16/fi_1cfb80c3120edabce30ca87354b1f6c5aa740fc656ac80727d71370cadbd80a8/icon0.png,https://store.playstation.com/product/EP1805-PPSA12544_00-HKSILKSONGPS5000
Lies of P,PS4,PS_PLUS,CUSA36848_00,EP1672-PPSA10621_00-9137597337715830,,EP1672-CUSA36848_00-9106701917321674,False,True,https://image.api.playstation.com/gs2-sec/appkgo/prod/CUSA36848_00/10/i_fa658f49742c1fba93a4766bc73b38c7d0def713d048beb1ab2309628990f950/i/icon0.png,https://store.playstation.com/product/EP1672-PPSA10621_00-9137597337715830
Lies of P,PS5,PS_PLUS,PPSA10621_00,EP1672-PPSA10621_00-9137597337715830,,EP1672-PPSA10621_00-9137597337715830,False,True,https://image.api.playstation.com/sgst/prod/00/PPSA10621_00/app/info/34/fi_8a7f0df02c9818da85913f15fd03a40f6ce21f5d2d3d95cc431a36ccebd9653e/icon0.png,https://store.playstation.com/product/EP1672-PPSA10621_00-9137597337715830
Jusant,PS5,PS_PLUS,PPSA10264_00,EP8091-PPSA10264_00-4648066903011525,,EP8091-PPSA10264_00-4648066903011525,False,True,https://image.api.playstation.com/sgst/prod/00/PPSA10264_00/app/info/10/fi_259364148521df43b36858d08a556c53bd466b25ee556e6e1badb147b69054dc/icon0.png,https://store.playstation.com/product/EP8091-PPSA10264_00-4648066903011525
Alone in the Dark,PS5,PS_PLUS,PPSA08135_00,EP4389-PPSA08135_00-ALONEINTHEDARKEU,,EP4389-PPSA08135_00-ALONEINTHEDARKEU,False,True,https://image.api.playstation.com/sgst/prod/00/PPSA08135_00/app/info/35/fi_cc94c57721b7f7a08500953f4f43d437b98bbbe417b4a81a93aa4deb1e0b8396/icon0.png,https://store.playstation.com/product/EP4389-PPSA08135_00-ALONEINTHEDARKEU
Split Fiction,PS5,NONE,PPSA08560_00,UP0006-PPSA08560_00-SPLITSTANDARDED0,,UP0006-PPSA08560_00-SPLITGAME0000000,False,True,https://image.api.playstation.com/sgst/prod/00/PPSA08560_00/app/info/15/fi_232662210843b79914df6ea41ef463bc1481da828b43fffdd226365041ba911d/icon0.png,https://store.playstation.com/product/UP0006-PPSA08560_00-SPLITSTANDARDED0
"Warhammer 40,000: Boltgun",PS4,PS_PLUS,CUSA33169_00,EP4133-PPSA07247_00-000000000BOLTGUN,,EP4133-CUSA33169_00-000000000BOLTGUN,False,True,https://image.api.playstation.com/gs2-sec/appkgo/prod/CUSA33169_00/3/i_fe2de40853a8d658a78f878a0917bc27d1e9e52ee25f4ff3a63f94ce58edd025/i/icon0.png,https://store.playstation.com/product/EP4133-PPSA07247_00-000000000BOLTGUN
"Warhammer 40,000: Boltgun",PS5,PS_PLUS,PPSA07247_00,EP4133-PPSA07247_00-000000000BOLTGUN,,EP4133-PPSA07247_00-000000000BOLTGUN,False,True,https://image.api.playstation.com/sgst/prod/00/PPSA07247_00/app/info/14/fi_bd2310ee5953f06de39e3e5fde768aab0d37270aba65d2d8802ddc87ea1a51d1/icon0.png,https://store.playstation.com/product/EP4133-PPSA07247_00-000000000BOLTGUN
Balatro,PS4,PS_PLUS,CUSA47499_00,EP3495-PPSA21402_00-0421077938281357,,EP3495-CUSA47499_00-0592400488875967,False,True,https://image.api.playstation.com/gs2-sec/appkgo/prod/CUSA47499_00/3/i_b85c81085bbb28fd105a3fe84fd302950107666cff54dbd44c103d075a1e8481/i/icon0.png,https://store.playstation.com/product/EP3495-PPSA21402_00-0421077938281357
Balatro,PS5,PS_PLUS,PPSA21402_00,EP3495-PPSA21402_00-0421077938281357,,EP3495-PPSA21402_00-0421077938281357,False,True,https://image.api.playstation.com/sgst/prod/00/PPSA21402_00/app/info/15/fi_0a7ed8861f709e3752171d65b302e43e7ce53285fa22495c22284212aa48ec15/icon0.png,https://store.playstation.com/product/EP3495-PPSA21402_00-0421077938281357
Clair Obscur: Expedition 33,PS5,NONE,PPSA17599_00,EP7579-PPSA17599_00-EXP33000000PS5EU,,EP7579-PPSA17599_00-EXP33000000PS5EU,False,True,https://image.api.playstation.com/sgst/prod/00/PPSA17599_00/app/info/27/fi_8c22a52780401100b4b24f1c57f000f4a46d5dba27108b087237840248cb3861/icon0.png,https://store.playstation.com/product/EP7579-PPSA17599_00-EXP33000000PS5EU
Digimon Story: Cyber Sleuth - Hacker's Memory,PS4,PS_PLUS,CUSA09923_00,EP0700-CUSA09923_00-DSHACKERSMEMORY1,,EP0700-CUSA09923_00-DSHACKERSMEMORY1,False,True,https://image.api.playstation.com/gs2-sec/appkgo/prod/CUSA09923_00/4/i_861b32f8545b6249e86aa37aafbd72d5296c6740af3a7f877b50a453f8434ceb/i/icon0.png,https://store.playstation.com/product/EP0700-CUSA09923_00-DSHACKERSMEMORY1
Robocop: Rogue City,PS5,PS_PLUS,PPSA05059_00,EP6665-PPSA05059_00-ROB0000000000000,,EP6665-PPSA05059_00-ROB0000000000000,False,True,https://image.api.playstation.com/sgst/prod/00/PPSA05059_00/app/info/36/fi_21d1d8f4546591a63143286a67a57cd64c4a8879a60a8a5b17692bb1ef262ac8/icon0.png,https://store.playstation.com/product/EP6665-PPSA05059_00-ROB0000000000000
Teenage Mutant Ninja Turtles: The Cowabunga Collection,PS4,PS_PLUS,CUSA29249_00,EP0101-PPSA04490_00-TMNTCOWABUNGAXXX,,EP0101-CUSA29249_00-TMNTCOWABUNGAXXX,False,True,https://image.api.playstation.com/gs2-sec/appkgo/prod/CUSA29249_00/4/i_29ac27e9ad10eafa8b72823ad6d7d8b369032a3284f8aa42796c21f7c97333a7/i/icon0.png,https://store.playstation.com/product/EP0101-PPSA04490_00-TMNTCOWABUNGAXXX
Teenage Mutant Ninja Turtles: The Cowabunga Collection,PS5,PS_PLUS,PPSA04490_00,EP0101-PPSA04490_00-TMNTCOWABUNGAXXX,,EP0101-PPSA04490_00-TMNTCOWABUNGAXXX,False,True,https://image.api.playstation.com/sgst/prod/00/PPSA04490_00/app/info/16/fi_7a8e0039849f50fe31354ad12ac26fd8bb997d3455a1e717a9edf509e1fb61d8/icon0.png,https://store.playstation.com/product/EP0101-PPSA04490_00-TMNTCOWABUNGAXXX
Sonic Colours: Ultimate,PS4,PS_PLUS,CUSA19351_00,EP0177-CUSA19351_00-SONICCOLORSULTIM,,EP0177-CUSA19351_00-SONICCOLORSULTIM,False,True,https://image.api.playstation.com/gs2-sec/appkgo/prod/CUSA19351_00/4/i_a208b7825a195f67de157ff63ac87c794aea3f116ddc8e4d75d80f16a66c5cea/i/icon0.png,https://store.playstation.com/product/EP0177-CUSA19351_00-SONICCOLORSULTIM
Dragon Age™: The Veilguard,PS5,PS_PLUS,PPSA01390_00,UP0006-PPSA01390_00-DRAGON4STANDBUND,,UP0006-PPSA01390_00-DRAGONAGE0400000,False,True,https://image.api.playstation.com/sgst/prod/00/PPSA01390_00/app/info/16/fi_4134d047ab33d0273cca4bcff15b0989507c51a3e6592f8a6152b789172b7c40/icon0.png,https://store.playstation.com/product/UP0006-PPSA01390_00-DRAGON4STANDBUND
PAC-MAN WORLD Re-PAC,PS4,PS_PLUS,CUSA32074_00,EP0700-PPSA06398_00-PACMANWORLDRE007,,EP0700-CUSA32074_00-PACMANWORLDRE005,False,True,https://image.api.playstation.com/gs2-sec/appkgo/prod/CUSA32074_00/2/i_a7ce66ac8c840e11144618df4567286255d874759c4ce1f900764003203b1411/i/icon0.png,https://store.playstation.com/product/EP0700-PPSA06398_00-PACMANWORLDRE007
PAC-MAN WORLD Re-PAC,PS5,PS_PLUS,PPSA06398_00,EP0700-PPSA06398_00-PACMANWORLDRE007,,EP0700-PPSA06398_00-PACMANWORLDRE007,False,True,https://image.api.playstation.com/sgst/prod/00/PPSA06398_00/app/info/8/fi_3c6e8cbef0bb219a5d30b2cd04019ff340be719b555638210ebf121700bee3d5/icon0.png,https://store.playstation.com/product/EP0700-PPSA06398_00-PACMANWORLDRE007
High on Life,PS4,PS_PLUS,CUSA42391_00,EP2886-PPSA15389_00-0937721911272224,,EP2886-CUSA42391_00-OREGONGAMESIEE00,False,True,https://image.api.playstation.com/gs2-sec/appkgo/prod/CUSA42391_00/7/i_c68688060eccf733cc4aaa24c760158337014976b63e1e51a844a6b18265b4f6/i/icon0.png,https://store.playstation.com/product/EP2886-PPSA15389_00-0937721911272224
High on Life,PS5,PS_PLUS,PPSA15389_00,EP2886-PPSA15389_00-0937721911272224,,EP2886-PPSA15389_00-OREGONGAMESIEE00,False,True,https://image.api.playstation.com/sgst/prod/00/PPSA15389_00/app/info/26/fi_438d04eac6e7833a944fd53c242c3fcf838afe963a5146c178afbd9936810971/icon0.png,https://store.playstation.com/product/EP2886-PPSA15389_00-0937721911272224
The Stanley Parable Ultra Deluxe,PS4,PS_PLUS,CUSA31559_00,EP3470-PPSA06655_00-9027839365467214,,EP3470-CUSA31559_00-0000000000000000,False,True,https://image.api.playstation.com/gs2-sec/appkgo/prod/CUSA31559_00/2/i_e0a0930aa759fee3aa5e69ee7be71b8deb1661e36d5b4b4d97a6334bd4f15b57/i/icon0.png,https://store.playstation.com/product/EP3470-PPSA06655_00-9027839365467214
The Stanley Parable: Ultra Deluxe,PS5,PS_PLUS,PPSA06655_00,EP3470-PPSA06655_00-9027839365467214,,EP3470-PPSA06655_00-9027839365467214,False,True,https://image.api.playstation.com/sgst/prod/00/PPSA06655_00/app/info/7/fi_ac6d0659499ddfc2c5089b286eaaf104ba67ae7dc95e0a127b690e8eea3e7a1c/icon0.png,https://store.playstation.com/product/EP3470-PPSA06655_00-9027839365467214
Need For Speed™ Hot Pursuit Remastered,PS4,PS_PLUS,CUSA23265_00,EP0006-CUSA23265_00-NEEDFORSPEEDHPR0,,EP0006-CUSA23265_00-NEEDFORSPEEDHPR0,False,True,https://image.api.playstation.com/gs2-sec/appkgo/prod/CUSA23265_00/2/i_36c32a88c8ef3ab744def2d1709253e3929d92c86e98841cfacb94c4faf54b6e/i/icon0.png,https://store.playstation.com/product/EP0006-CUSA23265_00-NEEDFORSPEEDHPR0
HOT WHEELS UNLEASHED™ 2 - Turbocharged,PS4,PS_PLUS,CUSA35582_00,EP4356-PPSA09285_00-HWU2TURBOCHARGED,,EP4356-CUSA35582_00-HWU2TURBOCHARGED,False,True,https://image.api.playstation.com/gs2-sec/appkgo/prod/CUSA35582_00/15/i_3d5885f11d7c833f6fb93b3a5217ab1bb9fab92645c729a0875afb49034203b3/i/icon0.png,https://store.playstation.com/product/EP4356-PPSA09285_00-HWU2TURBOCHARGED
HOT WHEELS UNLEASHED™ 2 - Turbocharged,PS5,PS_PLUS,PPSA09285_00,EP4356-PPSA09285_00-HWU2TURBOCHARGED,,EP4356-PPSA09285_00-HWU2TURBOCHARGED,False,True,https://image.api.playstation.com/sgst/prod/00/PPSA09285_00/app/info/122/fi_525cf2eeccad159ba58058a2a2651b8bfac67ef28cc98449616254d19eaf520d/icon0.png,https://store.playstation.com/product/EP4356-PPSA09285_00-HWU2TURBOCHARGED
Ghostwire: Tokyo,PS5,PS_PLUS,PPSA03397_00,EP1003-PPSA03397_00-GHOSTWIRETOKYOFG,,EP1003-PPSA03397_00-GHOSTWIRETOKYOFG,False,True,https://image.api.playstation.com/sgst/prod/00/PPSA03397_00/app/info/15/fi_57f4a6f2d082be9dd0bd424bb4201063edecc0bb4348893c7cd985c466935023/icon0.png,https://store.playstation.com/product/EP1003-PPSA03397_00-GHOSTWIRETOKYOFG
WWE 2K24,PS4,PS_PLUS,CUSA43272_00,EP1001-PPSA16307_00-WWE2K24CROSSGEN0,,EP1001-CUSA43272_00-000000000WWE2K24,False,True,https://image.api.playstation.com/gs2-sec/appkgo/prod/CUSA43272_00/6/i_e7ba87c3358e2363344e2c50fcee52a6509c7418dce4127875edb3f307eb9774/i/icon0.png,https://store.playstation.com/product/EP1001-PPSA16307_00-WWE2K24CROSSGEN0
WWE 2K24,PS5,PS_PLUS,PPSA16307_00,EP1001-PPSA16307_00-WWE2K24CROSSGEN0,,EP1001-PPSA16307_00-000000000WWE2K24,False,True,https://image.api.playstation.com/sgst/prod/00/PPSA16307_00/app/info/82/fi_4cc07dd84ea936e9dc07ae3e6cf5a82120249ef12d1033a2334b9cccf98b2ccd/icon0.png,https://store.playstation.com/product/EP1001-PPSA16307_00-WWE2K24CROSSGEN0
Doki Doki Literature Club Plus,PS4,PS_PLUS,CUSA28000_00,EP0600-PPSA03733_00-DOKIDOKILITCLUBP,,EP0600-CUSA28000_00-DOKIDOKILITCLUBP,False,True,https://image.api.playstation.com/gs2-sec/appkgo/prod/CUSA28000_00/5/i_841a2472fe7ae307774abac0301294e8098e0dfbca30eae56d9d3d35fbd02de9/i/icon0.png,https://store.playstation.com/product/EP0600-PPSA03733_00-DOKIDOKILITCLUBP
Doki Doki Literature Club Plus,PS5,PS_PLUS,PPSA03733_00,EP0600-PPSA03733_00-DOKIDOKILITCLUBP,,EP0600-PPSA03733_00-DOKIDOKILITCLUBP,False,True,https://image.api.playstation.com/sgst/prod/00/PPSA03733_00/app/info/12/fi_f354a8aab2192f192d0f1056ee740c14154bdd82d9ad5135f7b53c6516275f68/icon0.png,https://store.playstation.com/product/EP0600-PPSA03733_00-DOKIDOKILITCLUBP
Dead Space™,PS5,PS_PLUS,PPSA03846_00,EP0006-PPSA03846_00-BEYONDPS5GAME000,,EP0006-PPSA03846_00-BEYONDPS5GAME000,False,True,https://image.api.playstation.com/sgst/prod/00/PPSA03846_00/app/info/38/fi_de79c0553dd42b9ac3b935abb02b9466fb4d0be0c6efcbfed58333758f1c88b3/icon0.png,https://store.playstation.com/product/EP0006-PPSA03846_00-BEYONDPS5GAME000
Little Nightmares II,PS4,PS_PLUS,CUSA12779_00,EP0700-PPSA02154_00-LITTLENIGHTS2000,,EP0700-CUSA12779_00-LITTLENIGHTS2000,False,True,https://image.api.playstation.com/gs2-sec/appkgo/prod/CUSA12779_00/2/i_008f25bdeaab7da0b215d21a4170e0ba944c221e3f2f36cb54a25b0d1b6b56da/i/icon0.png,https://store.playstation.com/product/EP0700-PPSA02154_00-LITTLENIGHTS2000
Little Nightmares II,PS5,PS_PLUS,PPSA02154_00,EP0700-PPSA02154_00-LITTLENIGHTS2000,,EP0700-PPSA02154_00-LITTLENIGHTS2000,False,True,https://image.api.playstation.com/sgst/prod/00/PPSA02154_00/app/info/33/f_ecbf10c73d9e9f2444ee7e908f33aea4e7ba0d4484f6a3275fcfc19cb6a0c20c/icon0.png,https://store.playstation.com/product/EP0700-PPSA02154_00-LITTLENIGHTS2000
ENDER LILIES : Quietus of the Knights,PS4,PS_PLUS,CUSA26116_00,EP6491-CUSA26116_00-5324402993694470,,EP6491-CUSA26116_00-5324402993694470,False,True,https://image.api.playstation.com/gs2-sec/appkgo/prod/CUSA26116_00/5/i_63ebcb62b493054d0260e137759cad60c2c5e15666eec1d7b179cf4a9c212554/i/icon0.png,https://store.playstation.com/product/EP6491-CUSA26116_00-5324402993694470
LEGO® Star Wars™: La Saga Degli Skywalker,PS4,PS_PLUS,CUSA13793_00,EP1018-PPSA01865_00-LEGOSWTSS0000000,,EP1018-CUSA13793_00-LEGOSWTSS0000000,False,True,https://image.api.playstation.com/gs2-sec/appkgo/prod/CUSA13793_00/5/i_b51fd203c208e6eaf533659da433cd0fbae48b80241fb1ae12be5847e880ecaa/i/icon0.png,https://store.playstation.com/product/EP1018-PPSA01865_00-LEGOSWTSS0000000
LEGO® Star Wars™: La Saga Degli Skywalker,PS5,PS_PLUS,PPSA01865_00,EP1018-PPSA01865_00-LEGOSWTSS0000000,,EP1018-PPSA01865_00-LEGOSWTSS0000000,False,True,https://image.api.playstation.com/sgst/prod/00/PPSA01865_00/app/info/49/fi_03222a09e01b647f88d9b659b049a8772e5c9cd970fbb54b60ec6eba194aeaa6/icon0.png,https://store.playstation.com/product/EP1018-PPSA01865_00-LEGOSWTSS0000000
Borderlands® 3,PS4,PS_PLUS,CUSA08025_00,EP1001-PPSA01463_00-0000000OAKNGSIEE,,EP1001-CUSA08025_00-000000000OAKSIEE,False,True,https://image.api.playstation.com/gs2-sec/appkgo/prod/CUSA08025_00/2/i_282052c0284d44dfc8a1c011fde114ea1a280f9f387f1be3bd204a65b5be322e/i/icon0.png,https://store.playstation.com/product/EP1001-PPSA01463_00-0000000OAKNGSIEE
Borderlands® 3,PS5,PS_PLUS,PPSA01463_00,EP1001-PPSA01463_00-0000000OAKNGSIEE,,EP1001-PPSA01463_00-0000000OAKNGSIEE,False,True,https://image.api.playstation.com/sgst/prod/00/PPSA01463_00/app/info/137/fi_41cc1fe595f25b95d61b6a434c6dc4a150cddca27328b7803e9fd59be79d6d88/icon0.png,https://store.playstation.com/product/EP1001-PPSA01463_00-0000000OAKNGSIEE
Streets of Rage 4,PS4,PS_PLUS,CUSA16221_00,EP1470-CUSA16221_00-00STREETSOFRAGE4,,EP1470-CUSA16221_00-00STREETSOFRAGE4,False,True,https://image.api.playstation.com/gs2-sec/appkgo/prod/CUSA16221_00/1/i_5346de103a52708c12687fcc267c4e28855ff7a6e28dc1cfb0a69c9a73721645/i/icon0.png,https://store.playstation.com/product/EP1470-CUSA16221_00-00STREETSOFRAGE4
Tunic,PS4,PS_PLUS,CUSA26968_00,EP0403-PPSA03055_00-8262565741901804,,EP0403-CUSA26968_00-0000000000000000,False,True,https://image.api.playstation.com/gs2-sec/appkgo/prod/CUSA26968_00/2/i_427b1ef2e3c8bab3da299f66ee74add3a9fefa28b9e3a6505426461800a676b1/i/icon0.png,https://store.playstation.com/product/EP0403-PPSA03055_00-8262565741901804
Tunic,PS5,PS_PLUS,PPSA03055_00,EP0403-PPSA03055_00-8262565741901804,,EP0403-PPSA03055_00-0000000000000000,False,True,https://image.api.playstation.com/sgst/prod/00/PPSA03055_00/app/info/5/fi_133c92b51b13e54bd8769c7baadb313a16add9bfe496899f3a6e3047f443783b/icon0.png,https://store.playstation.com/product/EP0403-PPSA03055_00-8262565741901804
EA SPORTS FC 24,PS4,PS_PLUS,CUSA40326_00,EP0006-PPSA13385_00-24STANDARDBUNDLE,,EP0006-CUSA40326_00-EASPORTSFC2024BG,False,True,https://image.api.playstation.com/gs2-sec/appkgo/prod/CUSA40326_00/2/i_13e00d6d20a2761f8dad8127e4429fd73e20eff173b207a820eaba177a054ecf/i/icon0.png,https://store.playstation.com/product/EP0006-PPSA13385_00-24STANDARDBUNDLE
EA SPORTS FC 24,PS5,PS_PLUS,PPSA13385_00,EP0006-PPSA13385_00-24STANDARDBUNDLE,,EP0006-PPSA13385_00-EASPORTSFC2024BG,False,True,https://image.api.playstation.com/sgst/prod/00/PPSA13385_00/app/info/26/fi_eba84646b5dcd35a14b5d8648771e9bc10a738cc9ecc486dc7ecc23cef5af16d/icon0.png,https://store.playstation.com/product/EP0006-PPSA13385_00-24STANDARDBUNDLE
Ghostrunner 2,PS5,PS_PLUS,PPSA09912_00,EP4040-PPSA09912_00-GHOSTRUNNER2EU00,,EP4040-PPSA09912_00-GHOSTRUNNER2EU00,False,True,https://image.api.playstation.com/sgst/prod/00/PPSA09912_00/app/info/48/fi_3211afb573663111184ae61d09d363159b785ab6d0cea4c5c5fd260d19d300e1/icon0.png,https://store.playstation.com/product/EP4040-PPSA09912_00-GHOSTRUNNER2EU00
Immortals of Aveum,PS5,PS_PLUS,PPSA08237_00,EP0006-PPSA08237_00-ARTEMISGAME00000,,EP0006-PPSA08237_00-ARTEMISGAME00000,False,True,https://image.api.playstation.com/sgst/prod/00/PPSA08237_00/app/info/24/fi_de4bced29f44157c202a28a9b2bbddb631341a0ffdec2a0265f86b9a349edb24/icon0.png,https://store.playstation.com/product/EP0006-PPSA08237_00-ARTEMISGAME00000
Skul,PS4,PS_PLUS,CUSA27430_00,EP1672-CUSA27430_00-7116140190534657,,EP1672-CUSA27430_00-00SKULHEROSLAYER,False,True,https://image.api.playstation.com/gs2-sec/appkgo/prod/CUSA27430_00/1/i_594069671fd0037529c9b3bf682253431a840340a7737fb529361810503b88df/i/icon0.png,https://store.playstation.com/product/EP1672-CUSA27430_00-7116140190534657
Stellar Blade Demo,PS5,NONE,PPSA18488_00,EP9000-PPSA18488_00-STELLARBLADEDEMO,,EP9000-PPSA18488_00-STELLARBLADEDEMO,False,True,https://image.api.playstation.com/sgst/prod/00/PPSA18488_00/app/info/13/fi_0eb305ca1cae0d9cc146a3458684031b4cb9d63163571c6b89c68d5043f9dd43/icon0.png,https://store.playstation.com/product/EP9000-PPSA18488_00-STELLARBLADEDEMO
Ultimate Chicken Horse,PS4,NONE,CUSA09374_00,EP1651-CUSA09374_00-CLEVENDEAVUCH000,,EP1651-CUSA09374_00-CLEVENDEAVUCH000,False,True,https://image.api.playstation.com/gs2-sec/appkgo/prod/CUSA09374_00/3/i_f73a3fe57c3bd5e00f5e78da29c4e29e32b300683f24d42f3f405e325b2c8c30/i/icon0.png,https://store.playstation.com/product/EP1651-CUSA09374_00-CLEVENDEAVUCH000
SIFU,PS4,PS_PLUS,CUSA25761_00,EP2566-PPSA03001_00-4693207696815642,,EP2566-CUSA25761_00-WUGUAN0000000001,False,True,https://image.api.playstation.com/gs2-sec/appkgo/prod/CUSA25761_00/5/i_d96cf9c96db9177a4699e9cbbc7e7cf566edcae5e499fd79405062f85d1709e7/i/icon0.png,https://store.playstation.com/product/EP2566-PPSA03001_00-4693207696815642
Sifu,PS5,PS_PLUS,PPSA03001_00,EP2566-PPSA03001_00-4693207696815642,,EP2566-PPSA03001_00-WUGUAN0000000001,False,True,https://image.api.playstation.com/sgst/prod/00/PPSA03001_00/app/info/38/fi_d041727a7d112bf1bd47193940a58b239a87da01829e9c873b9857d465795b21/icon0.png,https://store.playstation.com/product/EP2566-PPSA03001_00-4693207696815642
Steelrising,PS5,PS_PLUS,PPSA05063_00,EP6665-PPSA05063_00-STR0000000000000,,EP6665-PPSA05063_00-STR0000000000000,False,True,https://image.api.playstation.com/sgst/prod/00/PPSA05063_00/app/info/19/fi_a2487531b64a293f483394e947fc60c06f85b9e4743d1fbf7a44e6f036a4392c/icon0.png,https://store.playstation.com/product/EP6665-PPSA05063_00-STR0000000000000
FINAL FANTASY VII REBIRTH DEMO,PS5,NONE,PPSA18938_00,EP0082-PPSA08668_00-0886721485938168,,EP0082-PPSA18938_00-EUROPE0000000000,False,True,https://image.api.playstation.com/sgst/prod/00/PPSA18938_00/app/info/6/fi_99cfc181fa2505e970e7f3e51879dd0bb18b9caa05f989d7bbb59f22f760b317/icon0.png,https://store.playstation.com/product/EP0082-PPSA08668_00-0886721485938168
SILENT HILL: The Short Message,PS5,NONE,PPSA04970_00,EP0101-PPSA04970_00-4469112696885364,,EP0101-PPSA04970_00-4469112696885364,False,True,https://image.api.playstation.com/sgst/prod/00/PPSA04970_00/app/info/16/fi_d36be3ee326086e36fa37fb23186410653f71fc4e8c899f0c34313f40d5859e2/icon0.png,https://store.playstation.com/product/EP0101-PPSA04970_00-4469112696885364
ONE PIECE ODYSSEY,PS5,NONE,PPSA04995_00,EP0700-PPSA04995_00-KIZOKAPPLI000000,,EP0700-PPSA04995_00-KIZOKAPPLI000000,False,True,https://image.api.playstation.com/sgst/prod/00/PPSA04995_00/app/info/26/fi_d40926051efecafafc44126e81b2394c15d493c2c81aa6e9a75e5592a1deb0dc/icon0.png,https://store.playstation.com/product/EP0700-PPSA04995_00-KIZOKAPPLI000000
Nobody Saves the World,PS4,PS_PLUS,CUSA27070_00,EP2145-PPSA03333_00-9677515631057326,,EP2145-CUSA27070_00-NSTW000000000000,False,True,https://image.api.playstation.com/gs2-sec/appkgo/prod/CUSA27070_00/2/i_645bb41712230748d797f5516472bfddf6cd94aa07040e74ec0859925543479c/i/icon0.png,https://store.playstation.com/product/EP2145-PPSA03333_00-9677515631057326
Nobody Saves the World,PS5,PS_PLUS,PPSA03333_00,EP2145-PPSA03333_00-9677515631057326,,EP2145-PPSA03333_00-NSTW000000000000,False,True,https://image.api.playstation.com/sgst/prod/00/PPSA03333_00/app/info/16/fi_781c63f2fb95cf1a235d1dce47e07183d0dc046a23e94ce80a8538756173f0e3/icon0.png,https://store.playstation.com/product/EP2145-PPSA03333_00-9677515631057326
Evil West,PS4,PS_PLUS,CUSA25569_00,EP4133-PPSA02371_00-EVILWESTGAME0000,,EP4133-CUSA25569_00-EVILWESTGAME0000,False,True,https://image.api.playstation.com/gs2-sec/appkgo/prod/CUSA25569_00/3/i_02053fde245bd8fdc3ce1d383897b1414abacd18dcbb5eeb2ba17c9bd5158d7d/i/icon0.png,https://store.playstation.com/product/EP4133-PPSA02371_00-EVILWESTGAME0000
Evil West,PS5,PS_PLUS,PPSA02371_00,EP4133-PPSA02371_00-EVILWESTGAME0000,,EP4133-PPSA02371_00-EVILWESTGAME0000,False,True,https://image.api.playstation.com/sgst/prod/00/PPSA02371_00/app/info/12/fi_101a962ad6c76408748854c14280807933060554e841712c721d87eb6a3de598/icon0.png,https://store.playstation.com/product/EP4133-PPSA02371_00-EVILWESTGAME0000
A Plague Tale: Requiem,PS5,PS_PLUS,PPSA02785_00,EP4133-PPSA02785_00-APLAGUEOUTBURST0,,EP4133-PPSA02785_00-APLAGUEOUTBURST0,False,True,https://image.api.playstation.com/sgst/prod/00/PPSA02785_00/app/info/11/fi_a720510b6ce542a149fb782b9f3c0175a3aa139a574a3b6a363b22f8e2ffb8b5/icon0.png,https://store.playstation.com/product/EP4133-PPSA02785_00-APLAGUEOUTBURST0
Alan Wake 2,PS5,NONE,PPSA02572_00,EP1464-PPSA02572_00-ALANWAKE20000000,,EP1464-PPSA02572_00-ALANWAKE20000000,False,True,https://image.api.playstation.com/sgst/prod/00/PPSA02572_00/app/info/36/fi_93f06a8be1d496df55b62cbc33f95c9447e27e6becbbfec69d94d84da0d6f1f7/icon0.png,https://store.playstation.com/product/EP1464-PPSA02572_00-ALANWAKE20000000
Baldur's Gate 3,PS5,NONE,PPSA14002_00,EP3383-PPSA14002_00-0872837811678079,,EP3383-PPSA14002_00-0872837811678079,False,True,https://image.api.playstation.com/sgst/prod/00/PPSA14002_00/app/info/126/fi_6f46b9c8190ce1c7da21bf730793a94f913c0b72a9f0885d47302a502820f924/icon0.png,https://store.playstation.com/product/EP3383-PPSA14002_00-0872837811678079
Cyberpunk 2077,PS5,NONE,PPSA04029_00,EP4497-PPSA04029_00-0000000000000N22,,EP4497-PPSA04029_00-0000000000000N22,False,True,https://image.api.playstation.com/sgst/prod/00/PPSA04029_00/app/info/97/fi_042f267699c3bc1b8c608e9a2648fc838ce9484845cea3481d799f9deaa77028/icon0.png,https://store.playstation.com/product/EP4497-PPSA04029_00-0000000000000N22
Aliens: Fireteam Elite,PS4,PS_PLUS,CUSA27736_00,EP4133-PPSA03544_00-ALIENSFIRETEAMEU,,EP4133-CUSA27736_00-ALIENSFIRETEAMEU,False,True,https://image.api.playstation.com/gs2-sec/appkgo/prod/CUSA27736_00/8/i_34ececea5de1f0820e491783a4f80f67d4a3a2891ad3e6f03f8fd28a1877422f/i/icon0.png,https://store.playstation.com/product/EP4133-PPSA03544_00-ALIENSFIRETEAMEU
Aliens: Fireteam Elite (PS5),PS5,PS_PLUS,PPSA03544_00,EP4133-PPSA03544_00-ALIENSFIRETEAMEU,,EP4133-PPSA03544_00-ALIENSFIRETEAMEU,False,True,https://image.api.playstation.com/sgst/prod/00/PPSA03544_00/app/info/59/fi_d454f6c9cb0665e1e10483d5c6e84b13f83ba61c0234e96e3ed320233c55199a/icon0.png,https://store.playstation.com/product/EP4133-PPSA03544_00-ALIENSFIRETEAMEU
Mafia II: Definitive Edition,PS4,PS_PLUS,CUSA17761_00,EP1001-CUSA17761_00-MAFIATWOREMASTER,,EP1001-CUSA17761_00-MAFIATWOREMASTER,False,True,https://image.api.playstation.com/gs2-sec/appkgo/prod/CUSA17761_00/3/i_72982c32c5820eab2e0b95b66eebb358257a83c8f664e8b7b4d752914e47f72a/i/icon0.png,https://store.playstation.com/product/EP1001-CUSA17761_00-MAFIATWOREMASTER
Marvel's Spider-Man 2,PS5,NONE,PPSA08338_00,EP9000-PPSA08338_00-MARVELSPIDERMAN2,,EP9000-PPSA08338_00-MARVELSPIDERMAN2,False,True,https://image.api.playstation.com/sgst/prod/00/PPSA08338_00/app/info/51/fi_df5e9062d6fe235c85e16898de5850af8fd25e516a639b5c27ee2f95f5955d6c/icon0.png,https://store.playstation.com/product/EP9000-PPSA08338_00-MARVELSPIDERMAN2
Weird West,PS4,PS_PLUS,CUSA17337_00,EP3643-PPSA10887_00-WEIRDWESTPS5EU00,,EP3643-CUSA17337_00-WEIRDWESTPS4SIEE,False,True,https://image.api.playstation.com/gs2-sec/appkgo/prod/CUSA17337_00/6/i_b86fdf69a6168bc824194adad86a7f8ab0b21dadde566d65c5b4b15da7909020/i/icon0.png,https://store.playstation.com/product/EP3643-PPSA10887_00-WEIRDWESTPS5EU00
Weird West,PS5,PS_PLUS,PPSA10887_00,EP3643-PPSA10887_00-WEIRDWESTPS5EU00,,EP3643-PPSA10887_00-0000000000000000,False,True,https://image.api.playstation.com/sgst/prod/00/PPSA10887_00/app/info/4/fi_10b2ca4fb1552cb454a80d7855da29673a37d3aeebc05548bc28c98171b34c96/icon0.png,https://store.playstation.com/product/EP3643-PPSA10887_00-WEIRDWESTPS5EU00
Saints Row,PS4,PS_PLUS,CUSA26457_00,EP4062-PPSA02807_00-SAINTSROW00PS5EU,,EP4062-CUSA26457_00-SAINTSROW00PS4EU,False,True,https://image.api.playstation.com/gs2-sec/appkgo/prod/CUSA26457_00/4/i_99fb77c8131da8b4183c5637e66ed20b495f407e9e93a366cfe834b09f594017/i/icon0.png,https://store.playstation.com/product/EP4062-PPSA02807_00-SAINTSROW00PS5EU
Saints Row,PS5,PS_PLUS,PPSA02807_00,EP4062-PPSA02807_00-SAINTSROW00PS5EU,,EP4062-PPSA02807_00-SAINTSROW00PS5EU,False,True,https://image.api.playstation.com/sgst/prod/00/PPSA02807_00/app/info/47/fi_e7fb9219b1429a8e9a8325f8853df5a22b070cff8617c99ec4702726f4c90ec7/icon0.png,https://store.playstation.com/product/EP4062-PPSA02807_00-SAINTSROW00PS5EU
Endling,PS4,PS_PLUS,CUSA24524_00,EP4539-PPSA08509_00-9431509967463596,,EP4539-CUSA24524_00-5700716291109393,False,True,https://image.api.playstation.com/gs2-sec/appkgo/prod/CUSA24524_00/2/i_4f9be5f8074308b4d7e82f4dd59eff020fc1d3ca8b8f277f58ddd0c37aacec8f/i/icon0.png,https://store.playstation.com/product/EP4539-PPSA08509_00-9431509967463596
Endling,PS5,PS_PLUS,PPSA08509_00,EP4539-PPSA08509_00-9431509967463596,,EP4539-PPSA08509_00-9431509967463596,False,True,https://image.api.playstation.com/sgst/prod/00/PPSA08509_00/app/info/6/fi_c16c19554caafbe4c585315823fda680d91a6dfd225f85d5f0ea0e98a0298520/icon0.png,https://store.playstation.com/product/EP4539-PPSA08509_00-9431509967463596
Alan Wake Remastered,PS4,PS_PLUS,CUSA24653_00,EP1464-PPSA01925_00-AWREMASTERED0001,,EP1464-CUSA24653_00-AWREMASTERED0000,False,True,https://image.api.playstation.com/gs2-sec/appkgo/prod/CUSA24653_00/3/i_85fc0c46677fcc920f64a34aa8b570a03eb39ddc36db3d97768b8c0308ba6656/i/icon0.png,https://store.playstation.com/product/EP1464-PPSA01925_00-AWREMASTERED0001
Alan Wake Remastered,PS5,PS_PLUS,PPSA01925_00,EP1464-PPSA01925_00-AWREMASTERED0001,,EP1464-PPSA01925_00-AWREMASTERED0001,False,True,https://image.api.playstation.com/sgst/prod/00/PPSA01925_00/app/info/27/f_5f0f188ee71d4c1dd2b8e6694c338fe5e7ca83065d43e4119357dd6cbf56baf0/icon0.png,https://store.playstation.com/product/EP1464-PPSA01925_00-AWREMASTERED0001
AEW: Fight Forever,PS4,NONE,CUSA34641_00,EP4389-PPSA09352_00-AEWELITEEDITION0,,EP4389-CUSA34641_00-AEWRESTLINGPS4EU,False,True,https://image.api.playstation.com/gs2-sec/appkgo/prod/CUSA34641_00/8/i_aade8bd50a9ee1704e79da8d5186750d2169539dfc322d614cf760801a18c1c2/i/icon0.png,https://store.playstation.com/product/EP4389-PPSA09352_00-AEWELITEEDITION0
AEW: Fight Forever,PS5,NONE,PPSA09352_00,EP4389-PPSA09352_00-AEWELITEEDITION0,,EP4389-PPSA09352_00-AEWRESTLINGPS5EU,False,True,https://image.api.playstation.com/sgst/prod/00/PPSA09352_00/app/info/49/fi_497d7e03b491ae53e47acb052ccfb236859133dd54f4d0d6358293ff5f4c59db/icon0.png,https://store.playstation.com/product/EP4389-PPSA09352_00-AEWELITEEDITION0
FINAL FANTASY XVI,PS5,NONE,PPSA10665_00,EP0082-PPSA10665_00-FF16SIEE00000002,,EP0082-PPSA10665_00-FF16000000000000,False,True,https://image.api.playstation.com/sgst/prod/00/PPSA10665_00/app/info/88/fi_a8f85b4106859c7bf198c622638ad53f4166b0f3c7cf28c5b656612851497b45/icon0.png,https://store.playstation.com/product/EP0082-PPSA10665_00-FF16SIEE00000002
Hogwarts Legacy,PS4,NONE,CUSA12771_00,EP1018-PPSA01603_00-HOGWARTSLGCYDELX,,EP1018-CUSA12771_00-HOGWARTSLEGACY01,False,True,https://image.api.playstation.com/gs2-sec/appkgo/prod/CUSA12771_00/4/i_3a9718e9f34b0902f6c3fbfe6860105780d7e2027ddba21a903e66ef0fde9b1e/i/icon0.png,https://store.playstation.com/product/EP1018-PPSA01603_00-HOGWARTSLGCYDELX
STAR WARS Jedi: Survivor™,PS5,NONE,PPSA07784_00,EP0006-PPSA07784_00-STANDARDPREORDER,,EP0006-PPSA07784_00-RESPAWNAPPLEJACK,False,True,https://image.api.playstation.com/sgst/prod/00/PPSA07784_00/app/info/28/fi_abe716c9a8da643963c26bbecb96f4ee2717ebabe8964243b655b8856bc1a04c/icon0.png,https://store.playstation.com/product/EP0006-PPSA07784_00-STANDARDPREORDER
CODE VEIN,PS4,PS_PLUS,CUSA10246_00,EP0700-CUSA10246_00-CODEVEIN00000000,,EP0700-CUSA10246_00-CODEVEIN00000000,False,True,https://image.api.playstation.com/gs2-sec/appkgo/prod/CUSA10246_00/3/i_06fc514296b4cca943150a930b83b524313a49e99a333c696126692629258fd6/i/icon0.png,https://store.playstation.com/product/EP0700-CUSA10246_00-CODEVEIN00000000
Moss,PS5,NONE,PPSA09676_00,EP1966-PPSA09676_00-1079064807456837,,EP1966-PPSA09676_00-1079064807456837,False,True,https://image.api.playstation.com/sgst/prod/00/PPSA09676_00/app/info/6/fi_2ec0b002293f933578a5039589d174b487234f09aa72fe746feff094aee2fcdd/icon0.png,https://store.playstation.com/product/EP1966-PPSA09676_00-1079064807456837
Horizon Call of the Mountain,PS5,NONE,PPSA05666_00,EP9000-PPSA05666_00-HZVRCALLMOUNTAIN,,EP9000-PPSA05666_00-HZVRCALLMOUNTAIN,False,True,https://image.api.playstation.com/sgst/prod/00/PPSA05666_00/app/info/36/fi_1bfc3f288e97da9924fce466d988534c12de210101baf0d42184ad4cb4ed7fe6/icon0.png,https://store.playstation.com/product/EP9000-PPSA05666_00-HZVRCALLMOUNTAIN
OlliOlli World,PS4,PS_PLUS,CUSA25466_00,EP4829-PPSA02327_00-OLLIOLLIWORLD000,,EP4829-CUSA25466_00-OLLIOLLIWORLD000,False,True,https://image.api.playstation.com/gs2-sec/appkgo/prod/CUSA25466_00/1/i_9c75265e5dd26c871568359daac73c646346f14f9e83ad3d1caaa84136e3aabd/i/icon0.png,https://store.playstation.com/product/EP4829-PPSA02327_00-OLLIOLLIWORLD000
OlliOlli World,PS5,PS_PLUS,PPSA02327_00,EP4829-PPSA02327_00-OLLIOLLIWORLD000,,EP4829-PPSA02327_00-OLLIOLLIWORLD000,False,True,https://image.api.playstation.com/sgst/prod/00/PPSA02327_00/app/info/21/fi_c63e9d6e10a393e410bde07786f0f0502460085c5941dd1418f44baa0e46966a/icon0.png,https://store.playstation.com/product/EP4829-PPSA02327_00-OLLIOLLIWORLD000
Mafia: Definitive Edition,PS4,PS_PLUS,CUSA18100_00,EP1001-CUSA18100_00-MAFIAONEREMASTER,,EP1001-CUSA18100_00-MAFIAONEREMASTER,False,True,https://image.api.playstation.com/gs2-sec/appkgo/prod/CUSA18100_00/1/i_ba24f03463eb39879d66243bd388b6861d3e544003522012bd8c16e780cdae7b/i/icon0.png,https://store.playstation.com/product/EP1001-CUSA18100_00-MAFIAONEREMASTER
Hogwarts Legacy,PS5,NONE,PPSA01603_00,EP1018-PPSA01603_00-HOGWARTSLGCYDELX,,EP1018-PPSA01603_00-HOGWARTSLEGACY01,False,True,https://image.api.playstation.com/sgst/prod/00/PPSA01603_00/app/info/93/fi_95f83168c033b157836ef222df4eb7abdf4b17ec4bcac6182a3ad1471f2c0205/icon0.png,https://store.playstation.com/product/EP1018-PPSA01603_00-HOGWARTSLGCYDELX
STAR WARS Jedi: Fallen Order™,PS4,PS_PLUS,CUSA12529_00,EP0006-PPSA02199_00-RESPAWNSWBIRDDOG,,EP0006-CUSA12529_00-RESPAWNSWBIRDDOG,False,True,https://image.api.playstation.com/gs2-sec/appkgo/prod/CUSA12529_00/3/i_96b1b0bd9d807fc9be61784475c00806e8c505ebd4b938acdf2b4f97a304cdde/i/icon0.png,https://store.playstation.com/product/EP0006-PPSA02199_00-RESPAWNSWBIRDDOG
STAR WARS Jedi: Fallen Order™,PS5,PS_PLUS,PPSA02199_00,EP0006-PPSA02199_00-RESPAWNSWBIRDDOG,,EP0006-PPSA02199_00-RESPAWNSWBIRDDOG,False,True,https://image.api.playstation.com/sgst/prod/00/PPSA02199_00/app/info/6/f_735e00b2124c2d2c282af37f0f0b15a7871816759dfab78b2848c71a319ef558/icon0.png,https://store.playstation.com/product/EP0006-PPSA02199_00-RESPAWNSWBIRDDOG
Forspoken Demo,PS5,NONE,PPSA05701_00,EP0082-PPSA03984_00-0091858047857341,,EP0082-PPSA05701_00-ATHIADM000000002,False,True,https://image.api.playstation.com/sgst/prod/00/PPSA05701_00/app/info/8/fi_353bfec6bde57d5446c07317feb47c16fa34c573a76dcb15fabf88e93520a394/icon0.png,https://store.playstation.com/product/EP0082-PPSA03984_00-0091858047857341
Biomutant,PS4,PS_PLUS,CUSA09848_00,EP4389-PPSA06254_00-BIOMUTANTEUPS500,,EP4389-CUSA09848_00-BIOMUTANTEU00001,False,True,https://image.api.playstation.com/gs2-sec/appkgo/prod/CUSA09848_00/5/i_ac07eaefb80e2353a015ec1a625817563514c45dde77dd05c38ad99661c89e0a/i/icon0.png,https://store.playstation.com/product/EP4389-PPSA06254_00-BIOMUTANTEUPS500
Biomutant,PS5,PS_PLUS,PPSA06254_00,EP4389-PPSA06254_00-BIOMUTANTEUPS500,,EP4389-PPSA06254_00-BIOMUTANT0000000,False,True,https://image.api.playstation.com/sgst/prod/00/PPSA06254_00/app/info/7/fi_7102269a3d96151895a37f1ff1f3280c99da42a524fc5ca93faa13f3bbab8478/icon0.png,https://store.playstation.com/product/EP4389-PPSA06254_00-BIOMUTANTEUPS500
Mass Effect™ Legendary Edition,PS4,PS_PLUS,CUSA19515_00,EP0006-CUSA19515_00-METR000000000000,,EP0006-CUSA19515_00-METR000000000000,False,True,https://image.api.playstation.com/gs2-sec/appkgo/prod/CUSA19515_00/3/i_3c0219f2de00c19a8bba2471a7c4622a3509d9135355764385c8bdd5a6cf3e49/i/icon0.png,https://store.playstation.com/product/EP0006-CUSA19515_00-METR000000000000
ONE PIECE: PIRATE WARRIORS 4,PS4,NONE,CUSA17226_00,EP0700-CUSA17226_00-OPPW4DLXED000000,,EP0700-CUSA17226_00-OPPW4EUHDDGAME00,False,True,https://image.api.playstation.com/gs2-sec/appkgo/prod/CUSA17226_00/3/i_434a32e0bdb77244766c7255870f8d8d137fd455307eddbe02ff8507a7eaef2c/i/icon0.png,https://store.playstation.com/product/EP0700-CUSA17226_00-OPPW4DLXED000000
God of War Ragnarök,PS4,NONE,CUSA34386_00,EP9000-PPSA08330_00-GOWRAGNAROK00000,,EP9000-CUSA34386_00-GOWRAGNAROK00000,False,True,https://image.api.playstation.com/gs2-sec/appkgo/prod/CUSA34386_00/53/i_c6dd6261fc00449267971847466f8e89ff9e740a2f0ad66e59ed372535b2aa95/i/icon0.png,https://store.playstation.com/product/EP9000-PPSA08330_00-GOWRAGNAROK00000
God of War Ragnarök,PS5,NONE,PPSA08330_00,EP9000-PPSA08330_00-GOWRAGNAROK00000,,EP9000-PPSA08330_00-GOWRAGNAROK00000,False,True,https://image.api.playstation.com/sgst/prod/00/PPSA08330_00/app/info/171/fi_09a9541dde508627c19bb82b87b71af3d85c063930c98c4627ecf8ad81b89208/icon0.png,https://store.playstation.com/product/EP9000-PPSA08330_00-GOWRAGNAROK00000
Heavenly Bodies,PS4,PS_PLUS,CUSA26431_00,EP8198-PPSA02575_00-6092745508330153,,EP8198-CUSA26431_00-5205410746933403,False,True,https://image.api.playstation.com/gs2-sec/appkgo/prod/CUSA26431_00/2/i_af70e1722b23c5da04a46086f21ea640f163d6ac3e9c6847ad0d0bd2263e7451/i/icon0.png,https://store.playstation.com/product/EP8198-PPSA02575_00-6092745508330153
Heavenly Bodies,PS5,PS_PLUS,PPSA02575_00,EP8198-PPSA02575_00-6092745508330153,,EP8198-PPSA02575_00-6092745508330153,False,True,https://image.api.playstation.com/sgst/prod/00/PPSA02575_00/app/info/28/fi_a2ff888628d48d619b61117fe04fa6dce2e9ed211c546e133e6deda50c3e40dd/icon0.png,https://store.playstation.com/product/EP8198-PPSA02575_00-6092745508330153
LEGO® Harry Potter™ Collection,PS4,PS_PLUS,CUSA05935_00,EP1018-CUSA05935_00-HARRYPOTTER17000,,EP1018-CUSA05935_00-HARRYPOTTER17000,False,True,https://image.api.playstation.com/gs2-sec/appkgo/prod/CUSA05935_00/3/i_7eaed8bedee162b62dc6cd22de49eb1885def316daddea225944ef5f0dfec4a1/i/icon0.png,https://store.playstation.com/product/EP1018-CUSA05935_00-HARRYPOTTER17000
Nioh 2,PS4,PS_PLUS,CUSA15526_00,EP9000-CUSA15526_00-NIOH2EU100000000,,EP9000-CUSA15526_00-NIOH2EU000000000,False,True,https://image.api.playstation.com/gs2-sec/appkgo/prod/CUSA15526_00/1/i_82f0bc4636c3b45cd378670535ca85ffe9303852666585488b7f0f1d4e064581/i/icon0.png,https://store.playstation.com/product/EP9000-CUSA15526_00-NIOH2EU100000000
Nioh 2 Remastered,PS5,PS_PLUS,PPSA02488_00,EP9000-CUSA15526_00-NIOH2EU100000000,,EP9000-PPSA02488_00-NIOH2EU000000000,False,True,https://image.api.playstation.com/sgst/prod/00/PPSA02488_00/app/info/23/f_cfe9a08bc6a2f75e2811ca114b23c8fb87ab9c302cdc4a7ad97a217ccef6cb10/icon0.png,https://store.playstation.com/product/EP9000-CUSA15526_00-NIOH2EU100000000
Gotham Knights,PS5,NONE,PPSA07257_00,EP1018-PPSA07257_00-GOTHAMKNIGHTS000,,EP1018-PPSA07257_00-GOTHAMKNIGHTS000,False,True,https://image.api.playstation.com/sgst/prod/00/PPSA07257_00/app/info/47/fi_1c2545cd8b30f062d4c59ce65732f0efbe732c4921efe3b31368b77a13ec3d91/icon0.png,https://store.playstation.com/product/EP1018-PPSA07257_00-GOTHAMKNIGHTS000
Returnal,PS5,PS_PLUS,PPSA01285_00,EP9000-PPSA01285_00-RETURNALGAME0001,,EP9000-PPSA01285_00-RETURNAL00000000,False,True,https://image.api.playstation.com/sgst/prod/00/PPSA01285_00/app/info/43/fi_c63836010a7fbda33f64d2c423cde5e09d959695b3c1233e60542e2c705520a4/icon0.png,https://store.playstation.com/product/EP9000-PPSA01285_00-RETURNALGAME0001
SUPERHOT,PS4,PS_PLUS,CUSA08144_00,EP2477-CUSA08144_00-EUSUPERHOTGAME00,,EP2477-CUSA08144_00-EUSUPERHOTGAME00,False,True,https://image.api.playstation.com/gs2-sec/appkgo/prod/CUSA08144_00/4/i_0d7c32058ae08eb12f53f3d5a1ce70666894576fb28c9d0cdeb0828cc01192e5/i/icon0.png,https://store.playstation.com/product/EP2477-CUSA08144_00-EUSUPERHOTGAME00
Injustice 2,PS4,PS_PLUS,CUSA05459_00,EP1018-CUSA05459_00-INJUSTICE2000000,,EP1018-CUSA05459_00-INJUSTICE2000000,False,True,https://image.api.playstation.com/gs2-sec/appkgo/prod/CUSA05459_00/4/i_b1c53d2b0d4a341b9ae6153450654aff650356d8500423a9090bb08cd041a038/i/icon0.png,https://store.playstation.com/product/EP1018-CUSA05459_00-INJUSTICE2000000
HOT WHEELS UNLEASHED™,PS4,PS_PLUS,CUSA25503_00,EP4356-PPSA02325_00-HWUPSPLUS0000000,,EP4356-CUSA25503_00-HWUNLEASHEDFGAME,False,True,https://image.api.playstation.com/gs2-sec/appkgo/prod/CUSA25503_00/4/i_be2a608b8725d4dd2a3201e60a9a1da3ec166698126e7681b9ff5dcd9c84f3e9/i/icon0.png,https://store.playstation.com/product/EP4356-PPSA02325_00-HWUPSPLUS0000000
HOT WHEELS UNLEASHED™,PS5,PS_PLUS,PPSA02325_00,EP4356-PPSA02325_00-HWUPSPLUS0000000,,EP4356-PPSA02325_00-HWUNLEASHEDFGAME,False,True,https://image.api.playstation.com/sgst/prod/00/PPSA02325_00/app/info/137/fi_1d08f392adf0a8ffc0693787e390d147bd624b26ba785ce63c07076da2593ad2/icon0.png,https://store.playstation.com/product/EP4356-PPSA02325_00-HWUPSPLUS0000000
Marvel's Guardians of the Galaxy,PS4,PS_PLUS,CUSA24103_00,EP0082-PPSA01750_00-DXM0000000000001,,EP0082-CUSA24103_00-DXM0000000000001,False,True,https://image.api.playstation.com/gs2-sec/appkgo/prod/CUSA24103_00/3/i_43a85e5c0e7876c6e293d2192f2093fb9fd97b46a4cd0ccf28eb22c75135d2bb/i/icon0.png,https://store.playstation.com/product/EP0082-PPSA01750_00-DXM0000000000001
Marvel's Guardians of the Galaxy,PS5,PS_PLUS,PPSA01750_00,EP0082-PPSA01750_00-DXM0000000000001,,EP0082-PPSA01750_00-DXM0000000000001,False,True,https://image.api.playstation.com/sgst/prod/00/PPSA01750_00/app/info/29/fi_97866f56293b3a8cd43047d8f7f21b73f31e521b3908f7ed40eb38c0a056963d/icon0.png,https://store.playstation.com/product/EP0082-PPSA01750_00-DXM0000000000001
Little Nightmares,PS4,NONE,CUSA05952_00,EP0700-CUSA05952_00-LITTLENIGHTMARES,,EP0700-CUSA05952_00-LITTLENIGHTMARES,False,True,https://image.api.playstation.com/gs2-sec/appkgo/prod/CUSA05952_00/4/i_180e40677dc525aece20a7825a4af48464ec3fe0feffcc0f6d23d708af4975fa/i/icon0.png,https://store.playstation.com/product/EP0700-CUSA05952_00-LITTLENIGHTMARES
Yakuza: Like A Dragon,PS4,PS_PLUS,CUSA16745_00,EP0177-PPSA02384_00-LIKEADRAGON00000,,EP0177-CUSA16745_00-LIKEADRAGON00000,False,True,https://image.api.playstation.com/gs2-sec/appkgo/prod/CUSA16745_00/1/i_7b2f4e6eb77ae1f364b1c3be21ea7326c6baaa7c12cd5351fddaf756a0029a47/i/icon0_05.png,https://store.playstation.com/product/EP0177-PPSA02384_00-LIKEADRAGON00000
Yakuza: Like A Dragon,PS5,PS_PLUS,PPSA02384_00,EP0177-PPSA02384_00-LIKEADRAGON00000,,EP0177-PPSA02384_00-LIKEADRAGON00000,False,True,https://image.api.playstation.com/sgst/prod/00/PPSA02384_00/app/info/55/f_b6c7af56cae65c91d56d1c6e47f8c17b50e5e780299acc2c5f15b6a9ce2a6644/icon0.png,https://store.playstation.com/product/EP0177-PPSA02384_00-LIKEADRAGON00000
Tony Hawk's Pro Skater 1 + 2,PS4,PS_PLUS,CUSA20464_00,EP0002-PPSA02177_00-TH12RTHEGAME0001,,EP0002-CUSA20464_00-TH12RTHEGAME0001,False,True,https://image.api.playstation.com/gs2-sec/appkgo/prod/CUSA20464_00/2/i_b6d2ada314462de3d252e2ecefc37659c22e1d1224bf4df0e02466a700afafd9/i/icon0.png,https://store.playstation.com/product/EP0002-PPSA02177_00-TH12RTHEGAME0001
Tony Hawk's™ Pro Skater™ 1 + 2,PS5,PS_PLUS,PPSA02177_00,EP0002-PPSA02177_00-TH12RTHEGAME0001,,EP0002-PPSA02177_00-TH12RTHEGAME0001,False,True,https://image.api.playstation.com/sgst/prod/00/PPSA02177_00/app/info/7/f_774dea14a4e0b54a7a4a782bdca2b3e0cc1dd957e0d76164cc8121d4c7428709/icon0.png,https://store.playstation.com/product/EP0002-PPSA02177_00-TH12RTHEGAME0001
The Dark Pictures Anthology: Man of Medan,PS4,NONE,CUSA14102_00,EP0700-CUSA14102_00-SMGDARKPICTURESA,,EP0700-CUSA14102_00-SMGDARKPICTURESA,False,True,https://image.api.playstation.com/gs2-sec/appkgo/prod/CUSA14102_00/6/i_9bd8e21ae25897df55a62b9000c95996476a9f064d2eefc73164fe682145ac61/i/icon0.png,https://store.playstation.com/product/EP0700-CUSA14102_00-SMGDARKPICTURESA
Crash Bandicoot™ 4: It's About Time,PS4,PS_PLUS,CUSA23470_00,EP0002-PPSA02433_00-CB4THEGAME000001,,EP0002-CUSA23470_00-CB4THEGAME000001,False,True,https://image.api.playstation.com/gs2-sec/appkgo/prod/CUSA23470_00/1/i_6d2bb4a89db0bddf026e4b591da346b60535f7c3888c5b3c4498a96a40f0ff22/i/icon0.png,https://store.playstation.com/product/EP0002-PPSA02433_00-CB4THEGAME000001
Fall Guys: Ultimate Knockout,PS4,NONE,CUSA29237_00,EP1464-PPSA04478_00-FALLGUYS00000000,,EP1464-CUSA29237_00-FALLGUYS00000000,False,True,https://image.api.playstation.com/gs2-sec/appkgo/prod/CUSA29237_00/3/i_f0064eb90fbcaa7e93247b920cd5702108ca5a3544a2d3340526c6338c9a562a/i/icon0.png,https://store.playstation.com/product/EP1464-PPSA04478_00-FALLGUYS00000000
Fall Guys,PS5,NONE,PPSA04478_00,EP1464-PPSA04478_00-FALLGUYS00000000,,EP1464-PPSA04478_00-XXXXXXXXXXXXXXXX,False,True,https://image.api.playstation.com/sgst/prod/00/PPSA04478_00/app/info/94/fi_60db562f8e7aab5041368b176dc15c636f84b4227f398b3cadaf704e8598b92d/icon0.png,https://store.playstation.com/product/EP1464-PPSA04478_00-FALLGUYS00000000
Assassin's Creed® Origins,PS4,NONE,CUSA05625_00,EP0001-CUSA05625_00-GAMEACEMPIRE0000,,EP0001-CUSA05625_00-GAMEACEMPIRE0000,False,True,https://image.api.playstation.com/gs2-sec/appkgo/prod/CUSA05625_00/3/i_1918d4f78a3ed7521b7936984d525927a03a03e241bdd3d748bfd23c104d45db/i/icon0.png,https://store.playstation.com/product/EP0001-CUSA05625_00-GAMEACEMPIRE0000
Curse of the Dead Gods,PS4,PS_PLUS,CUSA19401_00,EP4133-CUSA19401_00-0000000CURSEGAME,,EP4133-CUSA19401_00-0000000CURSEGAME,False,True,https://image.api.playstation.com/gs2-sec/appkgo/prod/CUSA19401_00/1/i_2d4eb9ef85387c2decf445a073c58dfad2a01bb3aed2c6c6c71703af431651e5/i/icon0.png,https://store.playstation.com/product/EP4133-CUSA19401_00-0000000CURSEGAME
Tribes of Midgard,PS4,PS_PLUS,CUSA24749_00,EP0290-PPSA02855_00-TRIBESOFMIDGARD0,,EP0290-CUSA24749_00-TRIBESOFMIDGARD0,False,True,https://image.api.playstation.com/gs2-sec/appkgo/prod/CUSA24749_00/2/i_59044673ae9e0ce40e31820bac10993d5f854a0889d611c6ba556fe1ed42f23f/i/icon0.png,https://store.playstation.com/product/EP0290-PPSA02855_00-TRIBESOFMIDGARD0
Tribes of Midgard,PS5,PS_PLUS,PPSA02855_00,EP0290-PPSA02855_00-TRIBESOFMIDGARD0,,EP0290-PPSA02855_00-TRIBESOFMIDGARD0,False,True,https://image.api.playstation.com/sgst/prod/00/PPSA02855_00/app/info/29/fi_18506961a2c0583e30ec8eb6d166e3ce57ae18aa3c9a74252d1e236f7b90abaa/icon0.png,https://store.playstation.com/product/EP0290-PPSA02855_00-TRIBESOFMIDGARD0
FIFA 22,PS5,PS_PLUS,PPSA03176_00,EP0006-PPSA03176_00-FIFAFOOTBALL2022,,EP0006-PPSA03176_00-FIFAFOOTBALL2022,False,True,https://image.api.playstation.com/sgst/prod/00/PPSA03176_00/app/info/52/fi_b486463d0b82b89306dd89c1e62d9ef06b1a4e67514757873d3645f6ae2d612d/icon0.png,https://store.playstation.com/product/EP0006-PPSA03176_00-FIFAFOOTBALL2022
SpongeBob SquarePants: Battle For Bikini Bottom - Rehydrated,PS4,PS_PLUS,CUSA14909_00,EP4389-CUSA14909_00-SPONGEBOBBFBBEU0,,EP4389-CUSA14909_00-SPONGEBOBBFBBEU0,False,True,https://image.api.playstation.com/gs2-sec/appkgo/prod/CUSA14909_00/4/i_c5bb0ce1278e0c7f13895b383a1e694bf0c1d2b3a4c94bec6af059d05a2da865/i/icon0.png,https://store.playstation.com/product/EP4389-CUSA14909_00-SPONGEBOBBFBBEU0
Slay the Spire,PS4,PS_PLUS,CUSA15338_00,EP3717-CUSA15338_00-SLAYTHESPIREGAME,,EP3717-CUSA15338_00-SLAYTHESPIREGAME,False,True,https://image.api.playstation.com/gs2-sec/appkgo/prod/CUSA15338_00/1/i_7b512893718f3d3926d0ff26d457bca4d2d2239198d32ec106fcc513778c86c9/i/icon0.png,https://store.playstation.com/product/EP3717-CUSA15338_00-SLAYTHESPIREGAME
Ghostwire: Tokyo - Prelude Corrupted Case File,PS4,NONE,CUSA29942_00,EP1003-CUSA29942_00-GWTVISUALNOVELFG,,EP1003-CUSA29942_00-GWTVISUALNOVELFG,False,True,https://image.api.playstation.com/gs2-sec/appkgo/prod/CUSA29942_00/1/i_08f92316b9a9a465e7b9c939b0708ba8377cc8e663676df6d4aab96cad2ff2b4/i/icon0.png,https://store.playstation.com/product/EP1003-CUSA29942_00-GWTVISUALNOVELFG
Team Sonic Racing,PS4,PS_PLUS,CUSA11115_00,EP0177-CUSA11115_00-TEAMSONICRACING1,,EP0177-CUSA11115_00-TEAMSONICRACING1,False,True,https://image.api.playstation.com/gs2-sec/appkgo/prod/CUSA11115_00/2/i_f0b61619a4f13cb1749a986d662716ef654005c153193e48723c09fb5a2abc37/i/icon0.png,https://store.playstation.com/product/EP0177-CUSA11115_00-TEAMSONICRACING1
Ghostrunner,PS5,PS_PLUS,PPSA03685_00,EP4040-PPSA03685_00-GHOSTRUNNERPS500,,EP4040-PPSA03685_00-GHOSTRUNNER00000,False,True,https://image.api.playstation.com/sgst/prod/00/PPSA03685_00/app/info/30/f_24c77c44b16fafb2ec24381aa67bf4f30646e91bdd62a63b0c239964ef993b14/icon0.png,https://store.playstation.com/product/EP4040-PPSA03685_00-GHOSTRUNNERPS500
The Art of Horizon Zero Dawn™,PS4,NONE,CUSA07567_00,EP9000-CUSA07567_00-DIGIARTBOOK00000,,EP9000-CUSA07567_00-DIGIARTBOOK00000,False,True,https://image.api.playstation.com/gs2-sec/appkgo/prod/CUSA07567_00/2/i_d8a1947b4f59d8d7327d3f9ad6202da0ee186bc7ced042bcca2ed51b4f9b6795/i/icon0.png,https://store.playstation.com/product/EP9000-CUSA07567_00-DIGIARTBOOK00000
A Plague Tale: Innocence,PS4,NONE,CUSA10812_00,EP4133-CUSA10812_00-APLAGUETALEGAME0,,EP4133-CUSA10812_00-APLAGUETALEGAME0,False,True,https://image.api.playstation.com/gs2-sec/appkgo/prod/CUSA10812_00/3/i_a4d09cfb51b390c3d5f3ea77531bc847294e59386ed520f6edeb6ef377a3b4d7/i/icon0.png,https://store.playstation.com/product/EP4133-CUSA10812_00-APLAGUETALEGAME0
Assalto alla Rocca del Drago di Tiny Tina: Un'avventura unica nelle Wonderlands,PS4,PS_PLUS,CUSA30036_00,EP1001-CUSA30036_00-000PAWPAWSIEEPS4,,EP1001-CUSA30036_00-000PAWPAWSIEEPS4,False,True,https://image.api.playstation.com/gs2-sec/appkgo/prod/CUSA30036_00/3/i_444fa386251ba61dd0c8962e49ed17a0e0d932d3e66ebe4a9aaad13a6e4f0a89/i/icon0.png,https://store.playstation.com/product/EP1001-CUSA30036_00-000PAWPAWSIEEPS4
EA SPORTS™ UFC® 4,PS4,PS_PLUS,CUSA14209_00,EP0006-CUSA14209_00-EASPORTSUFC4GAME,,EP0006-CUSA14209_00-EASPORTSUFC4GAME,False,True,https://image.api.playstation.com/gs2-sec/appkgo/prod/CUSA14209_00/1/i_3dc2dd7dcb5d018484d0fa6eddf5830a1dacf9ab430103f33c2915e6de58a397/i/icon0.png,https://store.playstation.com/product/EP0006-CUSA14209_00-EASPORTSUFC4GAME
Planet Coaster,PS5,PS_PLUS,PPSA01735_00,EP2377-PPSA01735_00-PLANETCOASTER000,,EP2377-PPSA01735_00-PLANETCOASTER000,False,True,https://image.api.playstation.com/sgst/prod/00/PPSA01735_00/app/info/57/fi_6bb6d34bfb707f5d655c409963819df0cf5a31a8b0c14be3c0c20e06f6e4feb7/icon0.png,https://store.playstation.com/product/EP2377-PPSA01735_00-PLANETCOASTER000
Persona 5 Strikers,PS4,PS_PLUS,CUSA20040_00,EP0177-CUSA20040_00-BSTUBCUSA2004000,,EP0177-CUSA20040_00-0000000000000000,False,True,https://image.api.playstation.com/gs2-sec/appkgo/prod/CUSA20040_00/1/i_2a28d5e20c985857183a43853dffe4f81c770cc027f1f09293bab3a1fd39ceb3/i/icon0.png,https://store.playstation.com/product/EP0177-CUSA20040_00-BSTUBCUSA2004000
The Matrix Awakens: An Unreal Engine 5 Experience,PS5,NONE,PPSA05754_00,EP1464-PPSA05754_00-MATRIXUNREALDEMO,,EP1464-PPSA05754_00-MATRIXUNREALDEMO,False,True,https://image.api.playstation.com/sgst/prod/00/PPSA05754_00/app/info/5/f_cf66e9e3e93da167c261e29f76060d39dd87bd058a1c9cfec2dd099f3718f648/icon0.png,https://store.playstation.com/product/EP1464-PPSA05754_00-MATRIXUNREALDEMO
Mortal Shell,PS4,PS_PLUS,CUSA20133_00,EP3495-CUSA20133_00-MORTALSHELLGGAME,,EP3495-CUSA20133_00-MORTALSHELL00001,False,True,https://image.api.playstation.com/gs2-sec/appkgo/prod/CUSA20133_00/4/i_e3bb1107816d30585c772ad535c635312b6b0d0684ce3f6bbdc53bf73ca120f1/i/icon0.png,https://store.playstation.com/product/EP3495-CUSA20133_00-MORTALSHELLGGAME
LEGO® DC Super-Villains,PS4,PS_PLUS,CUSA11550_00,EP1018-CUSA11550_00-LEGODCVILLAINS00,,EP1018-CUSA11550_00-LEGODCVILLAINS00,False,True,https://image.api.playstation.com/gs2-sec/appkgo/prod/CUSA11550_00/2/i_3e3c7607a4514fda9a0c1afafd7339d0909c0534274f5b63f651bea8e7272cb3/i/icon0.png,https://store.playstation.com/product/EP1018-CUSA11550_00-LEGODCVILLAINS00
Until You Fall,PS4,PS_PLUS,CUSA23195_00,EP0941-CUSA23195_00-UNTILYOUFALL0001,,EP0941-CUSA23195_00-UNTILYOUFALL0001,False,True,https://image.api.playstation.com/gs2-sec/appkgo/prod/CUSA23195_00/3/i_71b466ef9f3e21445eb7f5d70dfa70c54457c4cfc343b740d0ac0539667eed8b/i/icon0.png,https://store.playstation.com/product/EP0941-CUSA23195_00-UNTILYOUFALL0001
The Persistence,PS4,PS_PLUS,CUSA07814_00,EP3393-CUSA07814_00-COMPEDIT25202048,,EP3393-CUSA07814_00-FRONTIER25202048,False,True,https://image.api.playstation.com/gs2-sec/appkgo/prod/CUSA07814_00/9/i_a4cd04375be75eb6e2d56f3ec80ddee6066637669bd3afc36db2584a75969491/i/icon0.png,https://store.playstation.com/product/EP3393-CUSA07814_00-COMPEDIT25202048
The Walking Dead: Saints & Sinners,PS4,PS_PLUS,CUSA18498_00,EP2397-CUSA18498_00-TWDSSSTDEDITION0,,EP2397-CUSA18498_00-TWDSAINTSSINNERS,False,True,https://image.api.playstation.com/gs2-sec/appkgo/prod/CUSA18498_00/1/i_34b47d4d78565a07f844500b30f469760c33cf9565e05faa8084c223f71e2e0c/i/icon0.png,https://store.playstation.com/product/EP2397-CUSA18498_00-TWDSSSTDEDITION0
Kingdoms of Amalur: Re-Reckoning,PS4,PS_PLUS,CUSA17245_00,EP4389-CUSA17245_00-KOARECKONINGDEEU,,EP4389-CUSA17245_00-KOARECKONINGDEEU,False,True,https://image.api.playstation.com/gs2-sec/appkgo/prod/CUSA17245_00/3/i_256fcea16bfba2bd99cb5acfc1dec00cde56553e73e0e4d9334bf1905cb00f71/i/icon0.png,https://store.playstation.com/product/EP4389-CUSA17245_00-KOARECKONINGDEEU
RESIDENT EVIL 7 biohazard,PS4,PS_PLUS,CUSA03842_00,EP0102-CUSA03842_00-BH70000000000001,,EP0102-CUSA03842_00-BH70000000000001,False,True,https://image.api.playstation.com/gs2-sec/appkgo/prod/CUSA03842_00/3/i_c4c3cbf8ed69a0374ca868121fe2c006d3692b225d63eaca636da38bc971edef/i/icon0.png,https://store.playstation.com/product/EP0102-CUSA03842_00-BH70000000000001
Crash Bandicoot N. Sane Trilogy,PS4,PS_PLUS,CUSA07399_00,EP0002-CUSA07399_00-CRASHNSANETRLOGY,,EP0002-CUSA07399_00-CRASHNSANETRLOGY,False,True,https://image.api.playstation.com/gs2-sec/appkgo/prod/CUSA07399_00/1/i_ad1b44b4dafe727193cf9003f7557081aa563f3f4198901dbb12592956003ec8/i/icon0.png,https://store.playstation.com/product/EP0002-CUSA07399_00-CRASHNSANETRLOGY
Until Dawn™,PS4,PS_PLUS,CUSA00194_00,EP9000-CUSA00194_00-UNTILDAWN0000001,,EP9000-CUSA00194_00-UNTILDAWN0000001,False,True,https://image.api.playstation.com/gs2-sec/appkgo/prod/CUSA00194_00/2/i_e568ea0e665e205f2e2fc1585eab520e806034621d743bd5d355cef64a9e2ed1/i/icon0.png,https://store.playstation.com/product/EP9000-CUSA00194_00-UNTILDAWN0000001
Strider,PS4,PS_PLUS,CUSA00087_00,EP0102-CUSA00087_00-STREUHG4TRIAL001,,EP0102-CUSA00087_00-STREUHG4TRIAL001,False,True,https://image.api.playstation.com/gs2-sec/appkgo/prod/CUSA00087_00/3/i_4e2e694cea2f17a3936102b0634ea2e1047fa4904bda7accd4ba17e9e044e2e2/i/icon0.png,https://store.playstation.com/product/EP0102-CUSA00087_00-STREUHG4TRIAL001
Contrast,PS4,PS_PLUS,CUSA00226_00,EP2092-CUSA00226_00-CONTRASTEU000001,,EP2092-CUSA00226_00-CONTRASTEU000001,False,True,https://image.api.playstation.com/gs2-sec/appkgo/prod/CUSA00226_00/2/i_36c9bfbe0c30f0d224b225aee6a274b3589cf7e6f4e66fb87396126776ca9b8b/i/icon0_05.png,https://store.playstation.com/product/EP2092-CUSA00226_00-CONTRASTEU000001
Don't Starve: Console Edition,PS4,PS_PLUS,CUSA00327_00,EP2107-CUSA00327_00-DONTSTARVEPS4V01,,EP2107-CUSA00327_00-DONTSTARVEPS4V01,False,True,https://image.api.playstation.com/gs2-sec/appkgo/prod/CUSA00327_00/1/i_9ff9b92062a57c9d641671bbc9d1b24a5f9f159acb727e65e7dfad930072cefe/i/icon0.png,https://store.playstation.com/product/EP2107-CUSA00327_00-DONTSTARVEPS4V01
Mercenary Kings,PS4,NONE,CUSA00404_00,EP2114-CUSA00404_00-MERCENARYKINGSPS,,EP2114-CUSA00404_00-0000000000000001,False,True,https://image.api.playstation.com/gs2-sec/appkgo/prod/CUSA00404_00/7/i_a060b763f05255fdfbc05d0f2433d3375306252e165491af5047dacf19d5e33b/i/icon0.png,https://store.playstation.com/product/EP2114-CUSA00404_00-MERCENARYKINGSPS
TowerFall Ascension,PS4,NONE,CUSA00534_00,EP2120-CUSA00534_00-TOWERFALLCROSSBU,,EP2120-CUSA00534_00-0000TOWERFALLPS4,False,True,https://image.api.playstation.com/gs2-sec/appkgo/prod/CUSA00534_00/2/i_97d60687e7e05fea834d5d25ddf1bb18a69d19469afd21f81076e81221825d10/i/icon0.png,https://store.playstation.com/product/EP2120-CUSA00534_00-TOWERFALLCROSSBU
Trine 2: Complete Story,PS4,PS_PLUS,CUSA00217_00,EP4029-CUSA00217_00-TRINE2COMPLETE00,,EP4029-CUSA00217_00-TRINE2COMPLETE00,False,True,https://image.api.playstation.com/gs2-sec/appkgo/prod/CUSA00217_00/2/i_73f5c468da2cc44acad21772d9c7999af2c80c3ea4be0441001090a6e9094277/i/icon0.png,https://store.playstation.com/product/EP4029-CUSA00217_00-TRINE2COMPLETE00
Stick it to The Man,PS4,PS_PLUS,CUSA00539_00,EP4337-CUSA00539_00-STICKITP40000001,,EP4337-CUSA00539_00-STICKITP40000001,False,True,https://image.api.playstation.com/gs2-sec/appkgo/prod/CUSA00539_00/5/i_60797b1636467c2d0718523dca59d1dce1c8e5a9a85ab7a5f5c76587a231246b/i/icon0.png,https://store.playstation.com/product/EP4337-CUSA00539_00-STICKITP40000001
PixelJunk™ Shooter Ultimate,PS4,PS_PLUS,CUSA00510_00,EP4415-NPEJ00379_00-B000000000001266,,EP4415-CUSA00510_00-SHOOTERULTIMATE0,False,True,https://image.api.playstation.com/gs2-sec/appkgo/prod/CUSA00510_00/8/i_3afb367a6f41fef3203fa6473382bc8ce4b46582bc29d4c191c023e433f1744a/i/icon0.png,https://store.playstation.com/product/EP4415-NPEJ00379_00-B000000000001266
Outlast,PS4,PS_PLUS,CUSA00409_00,EP4467-CUSA00409_00-OUTLAST000000000,,EP4467-CUSA00409_00-OUTLAST000000000,False,True,https://image.api.playstation.com/gs2-sec/appkgo/prod/CUSA00409_00/1/i_24488820ee03c1b894ddb9a2c6fa696992061b109ec61b7795c77737b5b67c58/i/icon0.png,https://store.playstation.com/product/EP4467-CUSA00409_00-OUTLAST000000000
RESOGUN™,PS4,PS_PLUS,CUSA00005_00,EP9000-CUSA00005_00-RESOGUN000000001,,EP9000-CUSA00005_00-RESOGUN000000001,False,True,https://image.api.playstation.com/gs2-sec/appkgo/prod/CUSA00005_00/4/i_4991468c8caf373687f6189b1995f7cb3bb7cb7c1e3a5490b630538297a04333/i/icon0.png,https://store.playstation.com/product/EP9000-CUSA00005_00-RESOGUN000000001
Doki-Doki Universe™,PS4,PS_PLUS,CUSA00046_00,EP9000-CUSA00046_00-DDU0000000000000,,EP9000-CUSA00046_00-DDU0000000000000,False,True,https://image.api.playstation.com/gs2-sec/appkgo/prod/CUSA00046_00/3/i_8d2b3e394828824744a8235ecca9164cf70069b9fd2455af3e1e64c85572da0c/i/icon0.png,https://store.playstation.com/product/EP9000-CUSA00046_00-DDU0000000000000
Dead Nation™: Apocalypse Edition,PS4,PS_PLUS,CUSA00176_00,EP9000-CUSA00176_00-DEADNATIONGAME01,,EP9000-CUSA00176_00-DEADNATIONGAME01,False,True,https://image.api.playstation.com/gs2-sec/appkgo/prod/CUSA00176_00/1/i_fe757bcf5248d7b48922433439070881019299f61153c5e530ef960fd7c0e3fd/i/icon0.png,https://store.playstation.com/product/EP9000-CUSA00176_00-DEADNATIONGAME01
Tales of Arise Demo Version,PS5,NONE,PPSA03194_00,EP0700-PPSA03194_00-TOARISEPS5DEMO01,,EP0700-PPSA03194_00-TOARISEPS5DEMO01,False,True,https://image.api.playstation.com/sgst/prod/00/PPSA03194_00/app/info/2/f_376b88d3ac36ec4be9fca73986d16955783ad682d7d53b1563c34553fbb80a12/icon0.png,https://store.playstation.com/product/EP0700-PPSA03194_00-TOARISEPS5DEMO01
HITMAN™ 2,PS4,PS_PLUS,CUSA12414_00,EP3969-CUSA12414_00-HITMANSTANDARD00,,EP3969-CUSA12414_00-HITMANGAME000002,False,True,https://image.api.playstation.com/gs2-sec/appkgo/prod/CUSA12414_00/2/i_b370c5dff005744ec640dab6d344ea80be9284f376fd6f69da658d2bb85fa82a/i/icon0.png,https://store.playstation.com/product/EP3969-CUSA12414_00-HITMANSTANDARD00
Overcooked! All You Can Eat,PS5,PS_PLUS,PPSA01528_00,EP4064-PPSA01528_00-0538983162460184,,EP4064-PPSA01528_00-0538983162460184,False,True,https://image.api.playstation.com/sgst/prod/00/PPSA01528_00/app/info/27/fi_7d2211c8a135809d7bb9c567bb9ffa2bb218068b3f3c2f163637951fd71d3f77/icon0.png,https://store.playstation.com/product/EP4064-PPSA01528_00-0538983162460184
Genshin Impact,PS4,NONE,CUSA23678_00,EP6261-PPSA02584_00-OSRELSIEEGENSHIN,,EP6261-CUSA23678_00-0000000000000000,False,True,https://image.api.playstation.com/gs2-sec/appkgo/prod/CUSA23678_00/3/i_3342cff1cd406156aa486dee43e4c9ffc394acdcd25a1e80a9ade72f183256be/i/icon0.png,https://store.playstation.com/product/EP6261-PPSA02584_00-OSRELSIEEGENSHIN
Genshin Impact,PS5,NONE,PPSA02584_00,EP6261-PPSA02584_00-OSRELSIEEGENSHIN,,EP6261-PPSA02584_00-0000000000000000,False,True,https://image.api.playstation.com/sgst/prod/00/PPSA02584_00/app/info/101/fi_103a819f8fce8717560f0212b39e38e53222cfee2211ede69ca287c4b03277df/icon0.png,https://store.playstation.com/product/EP6261-PPSA02584_00-OSRELSIEEGENSHIN
Destiny 2,PS4,NONE,CUSA06172_00,EP0002-PPSA02410_00-DESTINYTHEGAME02,,EP0002-CUSA06172_00-DESTINYTHEGAME02,False,True,https://image.api.playstation.com/gs2-sec/appkgo/prod/CUSA06172_00/3/i_dc8ebade5dc9d1c21b64c90a3405b96c18c10ea62240b81fbf8ada2b37168aff/i/icon0.png,https://store.playstation.com/product/EP0002-PPSA02410_00-DESTINYTHEGAME02
Destiny 2,PS5,NONE,PPSA02410_00,EP0002-PPSA02410_00-DESTINYTHEGAME02,,EP0002-PPSA02410_00-DESTINYTHEGAME02,False,True,https://image.api.playstation.com/sgst/prod/00/PPSA02410_00/app/info/340/fi_309f4d52eb6395632c76e88c02261f8f633da6473146e39150180f01367338d3/icon0.png,https://store.playstation.com/product/EP0002-PPSA02410_00-DESTINYTHEGAME02
WWE 2K Battlegrounds,PS4,PS_PLUS,CUSA16911_00,EP1001-CUSA16911_00-WWEBATTLEGROUNDS,,EP1001-CUSA16911_00-WWEBATTLEGROUNDS,False,True,https://image.api.playstation.com/gs2-sec/appkgo/prod/CUSA16911_00/4/i_7c57fbe60a8741c665fa28c8a4c2bf009645d244ed87ad7f5a0ec77595236f30/i/icon0.png,https://store.playstation.com/product/EP1001-CUSA16911_00-WWEBATTLEGROUNDS
A Plague Tale: Innocence,PS5,PS_PLUS,PPSA02387_00,EP4133-PPSA02387_00-APLAGUETALEGAME0,,EP4133-PPSA02387_00-APLAGUETALEGAME0,False,True,https://image.api.playstation.com/sgst/prod/00/PPSA02387_00/app/info/2/f_586c113d322d7aa6c37d844ca220db7b82e4e5eb3a4a48c5de05709d92ca81ae/icon0.png,https://store.playstation.com/product/EP4133-PPSA02387_00-APLAGUETALEGAME0
STRANGER OF PARADISE FINAL FANTASY ORIGIN TRIAL VERSION,PS5,NONE,PPSA03658_00,EP0082-PPSA03658_00-SOPFFORIGINTRIAL,,EP0082-PPSA03658_00-SOPFFORIGINDEMO0,False,True,https://image.api.playstation.com/sgst/prod/00/PPSA03658_00/app/info/1/f_876191415f7cc9be5b0fb49063e1cda3578b0919ed42155ea1b3a06e8e344e04/icon0.png,https://store.playstation.com/product/EP0082-PPSA03658_00-SOPFFORIGINTRIAL
Sackboy™: Una grande avventura,PS5,NONE,PPSA01288_00,EP9000-PPSA01288_00-SACKBOYADVENTURE,,EP9000-PPSA01288_00-SACKBOYADVENTURE,False,True,https://image.api.playstation.com/sgst/prod/00/PPSA01288_00/app/info/216/fi_04a3484f1a6cee752f5d4cf4e568a2d179d4e2a2a48dc9f3f4e74de2b726e757/icon0.png,https://store.playstation.com/product/EP9000-PPSA01288_00-SACKBOYADVENTURE
Crash Bandicoot 4: It's About Time,PS5,PS_PLUS,PPSA02433_00,EP0002-PPSA02433_00-CB4THEGAME000001,,EP0002-PPSA02433_00-CB4THEGAME000001,False,True,https://image.api.playstation.com/sgst/prod/00/PPSA02433_00/app/info/7/f_ad0042485945c08fe62fbd5a38a55a227a1c4ca85badb0890e113ebd1227688b/icon0.png,https://store.playstation.com/product/EP0002-PPSA02433_00-CB4THEGAME000001
STAR WARS™: Squadrons,PS4,PS_PLUS,CUSA15089_00,EP0006-CUSA15089_00-STARWARSQUADRONS,,EP0006-CUSA15089_00-MAVERICK00000000,False,True,https://image.api.playstation.com/gs2-sec/appkgo/prod/CUSA15089_00/3/i_d4f81c9cf20ed6c7fa1183932180361cb620a7dc45d9916fc35f5a3296f059da/i/icon0.png,https://store.playstation.com/product/EP0006-CUSA15089_00-STARWARSQUADRONS
Ratchet & Clank™,PS4,PS_PLUS,CUSA01073_00,EP9000-CUSA01073_00-RCPS400000000000,,EP9000-CUSA01073_00-RCPS400000000000,False,True,https://image.api.playstation.com/gs2-sec/appkgo/prod/CUSA01073_00/2/i_0f51da87b08acdd8f6081235343f4671782e51d9fd7d2edf52e67c146d5c60da/i/icon0.png,https://store.playstation.com/product/EP9000-CUSA01073_00-RCPS400000000000
The Last Guardian™,PS4,PS_PLUS,CUSA03745_00,EP9000-CUSA03745_00-LASTGUARDIANEU00,,EP9000-CUSA03745_00-LASTGUARDIANEU00,False,True,https://image.api.playstation.com/gs2-sec/appkgo/prod/CUSA03745_00/1/i_1f6f7ce06f4d47f1b134011af7882499a6884bf156484a0bd26dcb1d044786f5/i/icon0.png,https://store.playstation.com/product/EP9000-CUSA03745_00-LASTGUARDIANEU00
The Last of Us™ Remastered,PS4,PS_PLUS,CUSA00556_00,EP9000-CUSA00556_00-THELASTOFUS00000,,EP9000-CUSA00556_00-THELASTOFUS00000,False,True,https://image.api.playstation.com/gs2-sec/appkgo/prod/CUSA00556_00/1/i_e016fe205de5ad57584f04bab7d46f70541cfd9df02b0772fe150d8f23ade1a5/i/icon0.png,https://store.playstation.com/product/EP9000-CUSA00556_00-THELASTOFUS00000
Bloodborne™,PS4,PS_PLUS,CUSA00207_00,EP9000-CUSA00207_00-BLOODBORNE0000EU,,EP9000-CUSA00207_00-BLOODBORNE0000EU,False,True,https://image.api.playstation.com/gs2-sec/appkgo/prod/CUSA00207_00/2/i_a2f15ff7390bb9ccc13a3e945fb8e85396b51d912f46d9f11d6a6d9d23836d98/i/icon0.png,https://store.playstation.com/product/EP9000-CUSA00207_00-BLOODBORNE0000EU
inFAMOUS™ Second Son,PS4,PS_PLUS,CUSA00004_00,EP9000-CUSA00004_00-SECONDSONSHIP000,,EP9000-CUSA00004_00-SECONDSONSHIP000,False,True,https://image.api.playstation.com/gs2-sec/appkgo/prod/CUSA00004_00/3/i_b9b53d84cca64ba71228c77d86039847cb7382e790a881aab796199778a4bc8a/i/icon0.png,https://store.playstation.com/product/EP9000-CUSA00004_00-SECONDSONSHIP000
BATMAN™: ARKHAM KNIGHT,PS4,PS_PLUS,CUSA00135_00,EP1018-CUSA00135_00-BAKPREORDER00001,,EP1018-CUSA00135_00-BATMANARKHAMKNHT,False,True,https://image.api.playstation.com/gs2-sec/appkgo/prod/CUSA00135_00/7/i_acf6a09833040a87d9381d4dabc97bd07f5515ed644a046269ecaf2c6877b5d7/i/icon0.png,https://store.playstation.com/product/EP1018-CUSA00135_00-BAKPREORDER00001
Uncharted™ 4: Fine di un ladro,PS4,PS_PLUS,CUSA00917_00,EP9000-CUSA00917_00-UNCHARTED4000000,,EP9000-CUSA00917_00-UNCHARTED4000000,False,True,https://image.api.playstation.com/gs2-sec/appkgo/prod/CUSA00917_00/2/i_5e63cd0f3cf11e0acb1ff41de7d07814322ab4bd09dcb5a3250aed6a3d8fc705/i/icon0_05.png,https://store.playstation.com/product/EP9000-CUSA00917_00-UNCHARTED4000000
Detroit: Become Human™,PS4,PS_PLUS,CUSA00717_00,EP9000-CUSA00717_00-DETROIT000000001,,EP9000-CUSA00717_00-DETROIT000000001,False,True,https://image.api.playstation.com/gs2-sec/appkgo/prod/CUSA00717_00/4/i_b21b6e046b1b9e32bb7439af2947077eef32576be55381d46defac3d4ee04710/i/icon0.png,https://store.playstation.com/product/EP9000-CUSA00717_00-DETROIT000000001
DAYS GONE,PS4,PS_PLUS,CUSA09175_00,EP9000-CUSA09175_00-DAYSGONECOMPLETE,,EP9000-CUSA09175_00-DAYSGONECOMPLETE,False,True,https://image.api.playstation.com/gs2-sec/appkgo/prod/CUSA09175_00/2/i_53d18dc2da6a0ee0c56f010428a53c37b91ba301ba57dae4563e5d514dd28b20/i/icon0.png,https://store.playstation.com/product/EP9000-CUSA09175_00-DAYSGONECOMPLETE
Persona 5,PS4,PS_PLUS,CUSA06638_00,EP4062-CUSA06638_00-PERSONA512345678,,EP4062-CUSA06638_00-PERSONA512345678,False,True,https://image.api.playstation.com/gs2-sec/appkgo/prod/CUSA06638_00/2/i_5e687f798b89158348af41505923859c110c0ba4010fc7c949d8cffaa5743510/i/icon0.png,https://store.playstation.com/product/EP4062-CUSA06638_00-PERSONA512345678
Monster Hunter World: Iceborne,PS4,PS_PLUS,CUSA07708_00,EP0102-CUSA07708_00-MHWFULLGAME00000,,EP0102-CUSA07708_00-MHWFULLGAME00000,False,True,https://image.api.playstation.com/gs2-sec/appkgo/prod/CUSA07708_00/4/i_f67bf14d3e83d266c618db72087c180869334fbbbc1b972936848e2489190681/i/icon0.png,https://store.playstation.com/product/EP0102-CUSA07708_00-MHWFULLGAME00000
Fallout 4,PS4,PS_PLUS,CUSA02962_00,EP1003-CUSA02962_00-FALLOUT4FULLGAME,,EP1003-CUSA02962_00-FALLOUT4FULLGAME,False,True,https://image.api.playstation.com/gs2-sec/appkgo/prod/CUSA02962_00/2/i_e2338cbaaa9bc84c75abf3d56d64f56daffc775b9134c23c3ae808b2d862bcd7/i/icon0.png,https://store.playstation.com/product/EP1003-CUSA02962_00-FALLOUT4FULLGAME
FINAL FANTASY XV,PS4,PS_PLUS,CUSA01615_00,EP0082-CUSA01615_00-FFXVROYALEDITION,,EP0082-CUSA01615_00-FINALFANTASYXV00,False,True,https://image.api.playstation.com/gs2-sec/appkgo/prod/CUSA01615_00/5/i_d0fdf4ae434e480b9536662f48df7f7180a4c75a96f410c97c76e3bd5f4ef27e/i/icon0.png,https://store.playstation.com/product/EP0082-CUSA01615_00-FFXVROYALEDITION
Mortal Kombat X,PS4,PS_PLUS,CUSA00970_00,EP1018-CUSA00970_00-MORTALKOMBATX000,,EP1018-CUSA00970_00-MORTALKOMBATX000,False,True,https://image.api.playstation.com/gs2-sec/appkgo/prod/CUSA00970_00/4/i_0661da0b3372a3fdb380daec42ae90e50a858091c24a4d49c0d3d80c61ff6ff3/i/icon0.png,https://store.playstation.com/product/EP1018-CUSA00970_00-MORTALKOMBATX000
God of War,PS4,PS_PLUS,CUSA07410_00,EP9000-CUSA07410_00-0000000GODOFWARN,,EP9000-CUSA07410_00-00000000GODOFWAR,False,True,https://image.api.playstation.com/gs2-sec/appkgo/prod/CUSA07410_00/1/i_826c17ea4a4481657542bec02a9da35d5555d8f80ba2b906f745bbd3f4173ca6/i/icon0.png,https://store.playstation.com/product/EP9000-CUSA07410_00-0000000GODOFWARN
DEMO EA SPORTS™ UFC®,PS4,NONE,CUSA00310_00,EP0006-CUSA00310_00-UFCPS4DEMO2014EU,,EP0006-CUSA00310_00-UFCPS4DEMO2014EU,False,True,https://image.api.playstation.com/gs2-sec/appkgo/prod/CUSA00310_00/1/i_d1662c85b0bcfa63d99897526af744a5db788aa63356d89d5f8a7945f171a979/i/icon0.png,https://store.playstation.com/product/EP0006-CUSA00310_00-UFCPS4DEMO2014EU
Child of Light,PS4,NONE,CUSA00074_00,EP0001-NPEJ00305_00-B000000000001030,,EP0001-CUSA00074_00-CHILDOFLIGHT0001,False,True,https://image.api.playstation.com/gs2-sec/appkgo/prod/CUSA00074_00/10/i_b8a567111c9c4d80343551305dec7294678cd6c83efb08e5da3ed0d105dd747a/i/icon0.png,https://store.playstation.com/product/EP0001-NPEJ00305_00-B000000000001030
Multiplayer.it,PS4,NONE,CUSA00454_00,EP4462-CUSA00454_00-WEBMAF00000MULTI,,EP4462-CUSA00454_00-WEBMAF00000MULTI,False,True,https://image.api.playstation.com/gs2-sec/appkgo/prod/CUSA00454_00/2/i_773d02190387a7e70c88f63455bb2f4636648b3b09521b36beb58d13d47c4682/i/icon0.png,https://store.playstation.com/product/EP4462-CUSA00454_00-WEBMAF00000MULTI
FINAL FANTASY XIV: A Realm Reborn (Beta Version),PS4,NONE,CUSA00455_00,EP0082-CUSA00455_00-B000000000000951,,EP0082-CUSA00455_00-FFXIVARRPS4BETA1,False,True,https://image.api.playstation.com/gs2-sec/appkgo/prod/CUSA00455_00/1/i_16fc4b63434601ba9eb5414d23148bee5492b6e8135fc4409489e665f61ae367/i/icon0.png,https://store.playstation.com/product/EP0082-CUSA00455_00-B000000000000951
Zen Pinball 2,PS4,NONE,CUSA00186_00,EP4042-CUSA00186_00-ZP2PS4SRC0000000,,EP4042-CUSA00186_00-ZP2PS40000000001,False,True,https://image.api.playstation.com/gs2-sec/appkgo/prod/CUSA00186_00/2/i_d28abf5c120d3395deb249f21a3ad7e7894d2c49cee80d73fd4fc498ce3012f4/i/icon0.png,https://store.playstation.com/product/EP4042-CUSA00186_00-ZP2PS4SRC0000000
DEMO DI FIFA 14,PS4,NONE,CUSA00185_00,EP0006-CUSA00185_00-FIFA2014DEMOGAME,,EP0006-CUSA00185_00-FIFA2014DEMOGAME,False,True,https://image.api.playstation.com/gs2-sec/appkgo/prod/CUSA00185_00/2/i_87249cb5eb6acf3fdf9c9bb136eb665663feb6ee8277de4ceebcad7512155f9c/i/icon0.png,https://store.playstation.com/product/EP0006-CUSA00185_00-FIFA2014DEMOGAME
Warframe,PS4,NONE,CUSA00106_00,EP2097-CUSA00106_00-0000000000000000,,EP2097-CUSA00106_00-0000000000000000,False,True,https://image.api.playstation.com/gs2-sec/appkgo/prod/CUSA00106_00/4/i_a014e0735a4bbd2267b71c30cb7a22eddae68295e6f4abc933f47af2bf09bdcd/i/icon0.png,https://store.playstation.com/product/EP2097-CUSA00106_00-0000000000000000
DC Universe Online,PS4,NONE,CUSA00249_00,EP0017-CUSA00249_00-DCUOLPS4LIVE0001,,EP0017-CUSA00249_00-DCUOLPS4LIVE0001,False,True,https://image.api.playstation.com/gs2-sec/appkgo/prod/CUSA00249_00/1/i_8bcc61fccd1a99f87031e0053959d886e8ea944c33bdd9a5282bfbf195891096/i/icon0.png,https://store.playstation.com/product/EP0017-CUSA00249_00-DCUOLPS4LIVE0001
Blacklight: Retribution,PS4,NONE,CUSA00253_00,EP2102-CUSA00253_00-BLACKLIGHT2ORBIS,,EP2102-CUSA00253_00-BLACKLIGHT2ORBIS,False,True,https://image.api.playstation.com/gs2-sec/appkgo/prod/CUSA00253_00/4/i_5efe0723551076ee8f1454b69c59d8f809a995f13cea746b7c1858487a26a8b5/i/icon0.png,https://store.playstation.com/product/EP2102-CUSA00253_00-BLACKLIGHT2ORBIS
Pinball Arcade,PS4,NONE,CUSA00105_00,EP2058-CUSA00105_00-HDDBOOTPBA000001,,EP2058-CUSA00105_00-HDDBOOTPBA000001,False,True,https://image.api.playstation.com/gs2-sec/appkgo/prod/CUSA00105_00/3/i_336825f34bc62a0281991cfda6f99e773fd523e5e894438602939b44ebacb0fd/i/icon0.png,https://store.playstation.com/product/EP2058-CUSA00105_00-HDDBOOTPBA000001
IGN,PS4,NONE,CUSA00268_00,EP4436-CUSA00268_00-WEBMAF0000000IGN,,EP4436-CUSA00268_00-WEBMAF0000000IGN,False,True,https://image.api.playstation.com/gs2-sec/appkgo/prod/CUSA00268_00/2/i_55e0f93a88ede6d1edde25ac8a8245c523abafe164e56aada700de25c1519b2d/i/icon0.png,https://store.playstation.com/product/EP4436-CUSA00268_00-WEBMAF0000000IGN
